_sa_instance_state, article_id, exposure_id, nudge_id, position, primary, section, title, user_id
"<sqlalchemy.orm.state.InstanceState object at 0x7fb36ec5cd60>","42072745","482/1/2022-10-12 14:17:05.775570","2","0","482/42072745/1","Sport","Winnen ten koste van alles is prima, mits het niet ten koste van een medespeler gaat ","482",
"<sqlalchemy.orm.state.InstanceState object at 0x7fb36ec5cd30>","42066475","482/1/2022-10-12 14:17:05.775570","2","1","482/42066475/1","Entertainment","Na K-Pop is K-lit nu de nieuwste hit uit het land van de Gangnam Style","482",
"<sqlalchemy.orm.state.InstanceState object at 0x7fb36ec5cd00>","42065342","482/1/2022-10-12 14:17:05.775570","2","2","482/42065342/1","Current Affairs","Worden lokale partijen bewust buitengesloten bij coalitievorming? Soms wel, zo blijkt uit onderzoek ","482",
"<sqlalchemy.orm.state.InstanceState object at 0x7fb36ec5ce80>","42065330","482/1/2022-10-12 14:17:05.775570","2","3","482/42065330/1","Economy","Student Hotel gaat uitbreiden, studentenvakbond kritisch","482",
"<sqlalchemy.orm.state.InstanceState object at 0x7fb36ec5cf10>","42072745","876/1/2022-10-12 14:27:14.210555","3","0","876/42072745/1","Sport","Winnen ten koste van alles is prima, mits het niet ten koste van een medespeler gaat ","876",
"<sqlalchemy.orm.state.InstanceState object at 0x7fb36ec5cf70>","42065342","876/1/2022-10-12 14:27:14.210555","3","1","876/42065342/1","Current Affairs","Worden lokale partijen bewust buitengesloten bij coalitievorming? Soms wel, zo blijkt uit onderzoek ","876",
"<sqlalchemy.orm.state.InstanceState object at 0x7fb36ec13070>","42065330","876/1/2022-10-12 14:27:14.210555","3","2","876/42065330/1","Economy","Student Hotel gaat uitbreiden, studentenvakbond kritisch","876",
"<sqlalchemy.orm.state.InstanceState object at 0x7fb36ec13100>","42066475","876/1/2022-10-12 14:27:14.210555","3","3","876/42066475/1","Entertainment","Na K-Pop is K-lit nu de nieuwste hit uit het land van de Gangnam Style","876",
"<sqlalchemy.orm.state.InstanceState object at 0x7fb36ec13190>","42066475","907/1/2022-10-12 14:28:26.011458","1","0","907/42066475/1","Entertainment","Na K-Pop is K-lit nu de nieuwste hit uit het land van de Gangnam Style","907",
"<sqlalchemy.orm.state.InstanceState object at 0x7fb36ec13220>","42065330","907/1/2022-10-12 14:28:26.011458","1","1","907/42065330/1","Economy","Student Hotel gaat uitbreiden, studentenvakbond kritisch","907",
"<sqlalchemy.orm.state.InstanceState object at 0x7fb36ec132b0>","42072745","907/1/2022-10-12 14:28:26.011458","1","2","907/42072745/1","Sport","Winnen ten koste van alles is prima, mits het niet ten koste van een medespeler gaat ","907",
"<sqlalchemy.orm.state.InstanceState object at 0x7fb36ec13340>","42065342","907/1/2022-10-12 14:28:26.011458","1","3","907/42065342/1","Current Affairs","Worden lokale partijen bewust buitengesloten bij coalitievorming? Soms wel, zo blijkt uit onderzoek ","907",
"<sqlalchemy.orm.state.InstanceState object at 0x7fb36ec133d0>","42065330","951/1/2022-10-12 15:51:41.588395","3","0","951/42065330/1","Economy","Student Hotel gaat uitbreiden, studentenvakbond kritisch","951",
"<sqlalchemy.orm.state.InstanceState object at 0x7fb36ec13460>","42065342","951/1/2022-10-12 15:51:41.588395","3","1","951/42065342/1","Current Affairs","Worden lokale partijen bewust buitengesloten bij coalitievorming? Soms wel, zo blijkt uit onderzoek ","951",
"<sqlalchemy.orm.state.InstanceState object at 0x7fb36ec134f0>","42066475","951/1/2022-10-12 15:51:41.588395","3","2","951/42066475/1","Entertainment","Na K-Pop is K-lit nu de nieuwste hit uit het land van de Gangnam Style","951",
"<sqlalchemy.orm.state.InstanceState object at 0x7fb36ec13580>","42072745","951/1/2022-10-12 15:51:41.588395","3","3","951/42072745/1","Sport","Winnen ten koste van alles is prima, mits het niet ten koste van een medespeler gaat ","951",
"<sqlalchemy.orm.state.InstanceState object at 0x7fb36ec13610>","42065330","952/1/2022-10-12 16:00:11.551682","3","0","952/42065330/1","Economy","Student Hotel gaat uitbreiden, studentenvakbond kritisch","952",
"<sqlalchemy.orm.state.InstanceState object at 0x7fb36ec136a0>","42066475","952/1/2022-10-12 16:00:11.551682","3","1","952/42066475/1","Entertainment","Na K-Pop is K-lit nu de nieuwste hit uit het land van de Gangnam Style","952",
"<sqlalchemy.orm.state.InstanceState object at 0x7fb36ec13730>","42065342","952/1/2022-10-12 16:00:11.551682","3","2","952/42065342/1","Current Affairs","Worden lokale partijen bewust buitengesloten bij coalitievorming? Soms wel, zo blijkt uit onderzoek ","952",
"<sqlalchemy.orm.state.InstanceState object at 0x7fb36ec137c0>","42072745","952/1/2022-10-12 16:00:11.551682","3","3","952/42072745/1","Sport","Winnen ten koste van alles is prima, mits het niet ten koste van een medespeler gaat ","952",
"<sqlalchemy.orm.state.InstanceState object at 0x7fb36ec13850>","42065342","953/1/2022-10-12 16:01:35.702939","2","0","953/42065342/1","Current Affairs","Worden lokale partijen bewust buitengesloten bij coalitievorming? Soms wel, zo blijkt uit onderzoek ","953",
"<sqlalchemy.orm.state.InstanceState object at 0x7fb36ec138e0>","42065330","953/1/2022-10-12 16:01:35.702939","2","1","953/42065330/1","Economy","Student Hotel gaat uitbreiden, studentenvakbond kritisch","953",
"<sqlalchemy.orm.state.InstanceState object at 0x7fb36ec13970>","42066475","953/1/2022-10-12 16:01:35.702939","2","2","953/42066475/1","Entertainment","Na K-Pop is K-lit nu de nieuwste hit uit het land van de Gangnam Style","953",
"<sqlalchemy.orm.state.InstanceState object at 0x7fb36ec13a00>","42072745","953/1/2022-10-12 16:01:35.702939","2","3","953/42072745/1","Sport","Winnen ten koste van alles is prima, mits het niet ten koste van een medespeler gaat ","953",
"<sqlalchemy.orm.state.InstanceState object at 0x7fb36ec13a90>","13","960/1/2022-10-12 16:30:25.486872","2","0","960/13/1","Current Affairs","Worden lokale partijen bewust buitengesloten bij coalitievorming? Soms wel, zo blijkt uit onderzoek ","960",
"<sqlalchemy.orm.state.InstanceState object at 0x7fb36ec13b20>","9","960/1/2022-10-12 16:30:25.486872","2","1","960/9/1","Entertainment","Na K-Pop is K-lit nu de nieuwste hit uit het land van de Gangnam Style","960",
"<sqlalchemy.orm.state.InstanceState object at 0x7fb36ec13bb0>","5","960/1/2022-10-12 16:30:25.486872","2","2","960/5/1","Sport","Winnen ten koste van alles is prima, mits het niet ten koste van een medespeler gaat ","960",
"<sqlalchemy.orm.state.InstanceState object at 0x7fb36ec13c40>","1","960/1/2022-10-12 16:30:25.486872","2","0","960/1/1","Economy","Student Hotel gaat uitbreiden, studentenvakbond kritisch","960",
"<sqlalchemy.orm.state.InstanceState object at 0x7fb36ec13cd0>","9","953/1/2022-10-12 16:30:33.375797","3","0","953/9/1","Entertainment","Na K-Pop is K-lit nu de nieuwste hit uit het land van de Gangnam Style","953",
"<sqlalchemy.orm.state.InstanceState object at 0x7fb36ec13d60>","13","953/1/2022-10-12 16:30:33.375797","3","1","953/13/1","Current Affairs","Worden lokale partijen bewust buitengesloten bij coalitievorming? Soms wel, zo blijkt uit onderzoek ","953",
"<sqlalchemy.orm.state.InstanceState object at 0x7fb36ec13df0>","5","953/1/2022-10-12 16:30:33.375797","3","2","953/5/1","Sport","Winnen ten koste van alles is prima, mits het niet ten koste van een medespeler gaat ","953",
"<sqlalchemy.orm.state.InstanceState object at 0x7fb36ec13e80>","1","953/1/2022-10-12 16:30:33.375797","3","0","953/1/1","Economy","Student Hotel gaat uitbreiden, studentenvakbond kritisch","953",
"<sqlalchemy.orm.state.InstanceState object at 0x7fb36ec13f10>","9","954/1/2022-10-12 16:31:45.502634","3","0","954/9/1","Entertainment","Na K-Pop is K-lit nu de nieuwste hit uit het land van de Gangnam Style","954",
"<sqlalchemy.orm.state.InstanceState object at 0x7fb36ec13fa0>","13","954/1/2022-10-12 16:31:45.502634","3","1","954/13/1","Current Affairs","Worden lokale partijen bewust buitengesloten bij coalitievorming? Soms wel, zo blijkt uit onderzoek ","954",
"<sqlalchemy.orm.state.InstanceState object at 0x7fb36ec1d070>","5","954/1/2022-10-12 16:31:45.502634","3","2","954/5/1","Sport","Winnen ten koste van alles is prima, mits het niet ten koste van een medespeler gaat ","954",
"<sqlalchemy.orm.state.InstanceState object at 0x7fb36ec1d100>","1","954/1/2022-10-12 16:31:45.502634","3","0","954/1/1","Economy","Student Hotel gaat uitbreiden, studentenvakbond kritisch","954",
"<sqlalchemy.orm.state.InstanceState object at 0x7fb36ec1d190>","1","955/1/2022-10-12 16:39:56.446954","3","0","955/1/1","Economy","Student Hotel gaat uitbreiden, studentenvakbond kritisch","955",
"<sqlalchemy.orm.state.InstanceState object at 0x7fb36ec1d220>","9","955/1/2022-10-12 16:39:56.446954","3","1","955/9/1","Entertainment","Na K-Pop is K-lit nu de nieuwste hit uit het land van de Gangnam Style","955",
"<sqlalchemy.orm.state.InstanceState object at 0x7fb36ec1d2b0>","13","955/1/2022-10-12 16:39:56.446954","3","2","955/13/1","Current Affairs","Worden lokale partijen bewust buitengesloten bij coalitievorming? Soms wel, zo blijkt uit onderzoek ","955",
"<sqlalchemy.orm.state.InstanceState object at 0x7fb36ec1d340>","5","955/1/2022-10-12 16:39:56.446954","3","3","955/5/1","Sport","Winnen ten koste van alles is prima, mits het niet ten koste van een medespeler gaat ","955",
"<sqlalchemy.orm.state.InstanceState object at 0x7fb36ec1d3d0>","9","956/1/2022-10-12 16:43:33.047975","2","0","956/9/1","Entertainment","Na K-Pop is K-lit nu de nieuwste hit uit het land van de Gangnam Style","956",
"<sqlalchemy.orm.state.InstanceState object at 0x7fb36ec1d460>","5","956/1/2022-10-12 16:43:33.047975","2","1","956/5/1","Sport","Winnen ten koste van alles is prima, mits het niet ten koste van een medespeler gaat ","956",
"<sqlalchemy.orm.state.InstanceState object at 0x7fb36ec1d4f0>","1","956/1/2022-10-12 16:43:33.047975","2","0","956/1/1","Economy","Student Hotel gaat uitbreiden, studentenvakbond kritisch","956",
"<sqlalchemy.orm.state.InstanceState object at 0x7fb36ec1d580>","13","956/1/2022-10-12 16:43:33.047975","2","3","956/13/1","Current Affairs","Worden lokale partijen bewust buitengesloten bij coalitievorming? Soms wel, zo blijkt uit onderzoek ","956",
"<sqlalchemy.orm.state.InstanceState object at 0x7fb36ec1d610>","1","957/1/2022-10-12 16:52:33.977223","4","0","957/1/1","Economy","Student Hotel gaat uitbreiden, studentenvakbond kritisch","957",
"<sqlalchemy.orm.state.InstanceState object at 0x7fb36ec1d6a0>","9","957/1/2022-10-12 16:52:33.977223","4","1","957/9/1","Entertainment","Na K-Pop is K-lit nu de nieuwste hit uit het land van de Gangnam Style","957",
"<sqlalchemy.orm.state.InstanceState object at 0x7fb36ec1d730>","5","957/1/2022-10-12 16:52:33.977223","4","2","957/5/1","Sport","Winnen ten koste van alles is prima, mits het niet ten koste van een medespeler gaat ","957",
"<sqlalchemy.orm.state.InstanceState object at 0x7fb36ec1d7c0>","13","957/1/2022-10-12 16:52:33.977223","4","3","957/13/1","Current Affairs","Worden lokale partijen bewust buitengesloten bij coalitievorming? Soms wel, zo blijkt uit onderzoek ","957",
"<sqlalchemy.orm.state.InstanceState object at 0x7fb36ec1d850>","1","958/1/2022-10-12 16:53:28.483736","3","0","958/1/1","Economy","Student Hotel gaat uitbreiden, studentenvakbond kritisch","958",
"<sqlalchemy.orm.state.InstanceState object at 0x7fb36ec1d8e0>","5","958/1/2022-10-12 16:53:28.483736","3","1","958/5/1","Sport","Winnen ten koste van alles is prima, mits het niet ten koste van een medespeler gaat ","958",
"<sqlalchemy.orm.state.InstanceState object at 0x7fb36ec1d970>","9","958/1/2022-10-12 16:53:28.483736","3","2","958/9/1","Entertainment","Na K-Pop is K-lit nu de nieuwste hit uit het land van de Gangnam Style","958",
"<sqlalchemy.orm.state.InstanceState object at 0x7fb36ec1da00>","13","958/1/2022-10-12 16:53:28.483736","3","3","958/13/1","Current Affairs","Worden lokale partijen bewust buitengesloten bij coalitievorming? Soms wel, zo blijkt uit onderzoek ","958",
"<sqlalchemy.orm.state.InstanceState object at 0x7fb36ec1da90>","13","959/1/2022-10-12 16:54:22.628850","1","0","959/13/1","Current Affairs","Worden lokale partijen bewust buitengesloten bij coalitievorming? Soms wel, zo blijkt uit onderzoek ","959",
"<sqlalchemy.orm.state.InstanceState object at 0x7fb36ec1db20>","5","959/1/2022-10-12 16:54:22.628850","1","1","959/5/1","Sport","Winnen ten koste van alles is prima, mits het niet ten koste van een medespeler gaat ","959",
"<sqlalchemy.orm.state.InstanceState object at 0x7fb36ec1dbb0>","1","959/1/2022-10-12 16:54:22.628850","1","0","959/1/1","Economy","Student Hotel gaat uitbreiden, studentenvakbond kritisch","959",
"<sqlalchemy.orm.state.InstanceState object at 0x7fb36ec1dc40>","9","959/1/2022-10-12 16:54:22.628850","1","3","959/9/1","Entertainment","Na K-Pop is K-lit nu de nieuwste hit uit het land van de Gangnam Style","959",
"<sqlalchemy.orm.state.InstanceState object at 0x7fb36ec1dcd0>","13","960/1/2022-10-12 17:13:27.057640","3","0","960/13/2022-10-12 17:13:27.057640","Current Affairs","Worden lokale partijen bewust buitengesloten bij coalitievorming? Soms wel, zo blijkt uit onderzoek ","960",
"<sqlalchemy.orm.state.InstanceState object at 0x7fb36ec1dd60>","1","960/1/2022-10-12 17:13:27.057736","3","0","960/1/2022-10-12 17:13:27.057736","Economy","Student Hotel gaat uitbreiden, studentenvakbond kritisch","960",
"<sqlalchemy.orm.state.InstanceState object at 0x7fb36ec1ddf0>","9","960/1/2022-10-12 17:13:27.057803","3","2","960/9/2022-10-12 17:13:27.057803","Entertainment","Na K-Pop is K-lit nu de nieuwste hit uit het land van de Gangnam Style","960",
"<sqlalchemy.orm.state.InstanceState object at 0x7fb36ec1de80>","5","960/1/2022-10-12 17:13:27.057863","3","3","960/5/2022-10-12 17:13:27.057863","Sport","Winnen ten koste van alles is prima, mits het niet ten koste van een medespeler gaat ","960",
"<sqlalchemy.orm.state.InstanceState object at 0x7fb36ec1df10>","5","960/1/2022-10-12 17:13:32.011312","4","0","960/5/2022-10-12 17:13:32.011312","Sport","Winnen ten koste van alles is prima, mits het niet ten koste van een medespeler gaat ","960",
"<sqlalchemy.orm.state.InstanceState object at 0x7fb36ec1dfa0>","9","960/1/2022-10-12 17:13:32.011538","4","1","960/9/2022-10-12 17:13:32.011538","Entertainment","Na K-Pop is K-lit nu de nieuwste hit uit het land van de Gangnam Style","960",
"<sqlalchemy.orm.state.InstanceState object at 0x7fb36ec26070>","1","960/1/2022-10-12 17:13:32.011724","4","0","960/1/2022-10-12 17:13:32.011724","Economy","Student Hotel gaat uitbreiden, studentenvakbond kritisch","960",
"<sqlalchemy.orm.state.InstanceState object at 0x7fb36ec26100>","13","960/1/2022-10-12 17:13:32.011894","4","3","960/13/2022-10-12 17:13:32.011894","Current Affairs","Worden lokale partijen bewust buitengesloten bij coalitievorming? Soms wel, zo blijkt uit onderzoek ","960",
"<sqlalchemy.orm.state.InstanceState object at 0x7fb36ec26190>","13","960/1/2022-10-12 17:14:50.525955","1","0","960/13/2022-10-12 17:14:50.525955","Current Affairs","Worden lokale partijen bewust buitengesloten bij coalitievorming? Soms wel, zo blijkt uit onderzoek ","960",
"<sqlalchemy.orm.state.InstanceState object at 0x7fb36ec26220>","1","960/1/2022-10-12 17:14:50.526124","1","0","960/1/2022-10-12 17:14:50.526124","Economy","Student Hotel gaat uitbreiden, studentenvakbond kritisch","960",
"<sqlalchemy.orm.state.InstanceState object at 0x7fb36ec262b0>","5","960/1/2022-10-12 17:14:50.526245","1","2","960/5/2022-10-12 17:14:50.526245","Sport","Winnen ten koste van alles is prima, mits het niet ten koste van een medespeler gaat ","960",
"<sqlalchemy.orm.state.InstanceState object at 0x7fb36ec26340>","9","960/1/2022-10-12 17:14:50.526361","1","3","960/9/2022-10-12 17:14:50.526361","Entertainment","Na K-Pop is K-lit nu de nieuwste hit uit het land van de Gangnam Style","960",
"<sqlalchemy.orm.state.InstanceState object at 0x7fb36ec263d0>","1","961/1/2022-10-12 17:15:06.603293","4","0","961/1/2022-10-12 17:15:06.603293","Economy","Student Hotel gaat uitbreiden, studentenvakbond kritisch","961",
"<sqlalchemy.orm.state.InstanceState object at 0x7fb36ec26460>","5","961/1/2022-10-12 17:15:06.603384","4","1","961/5/2022-10-12 17:15:06.603384","Sport","Winnen ten koste van alles is prima, mits het niet ten koste van een medespeler gaat ","961",
"<sqlalchemy.orm.state.InstanceState object at 0x7fb36ec264f0>","9","961/1/2022-10-12 17:15:06.603448","4","2","961/9/2022-10-12 17:15:06.603448","Entertainment","Na K-Pop is K-lit nu de nieuwste hit uit het land van de Gangnam Style","961",
"<sqlalchemy.orm.state.InstanceState object at 0x7fb36ec26580>","13","961/1/2022-10-12 17:15:06.603506","4","3","961/13/2022-10-12 17:15:06.603506","Current Affairs","Worden lokale partijen bewust buitengesloten bij coalitievorming? Soms wel, zo blijkt uit onderzoek ","961",
"<sqlalchemy.orm.state.InstanceState object at 0x7fb36ec26610>","1","961/1/2022-10-12 17:15:10.612185","1","0","961/1/2022-10-12 17:15:10.612185","Economy","Student Hotel gaat uitbreiden, studentenvakbond kritisch","961",
"<sqlalchemy.orm.state.InstanceState object at 0x7fb36ec266a0>","5","961/1/2022-10-12 17:15:10.612413","1","1","961/5/2022-10-12 17:15:10.612413","Sport","Winnen ten koste van alles is prima, mits het niet ten koste van een medespeler gaat ","961",
"<sqlalchemy.orm.state.InstanceState object at 0x7fb36ec26730>","13","961/1/2022-10-12 17:15:10.612599","1","2","961/13/2022-10-12 17:15:10.612599","Current Affairs","Worden lokale partijen bewust buitengesloten bij coalitievorming? Soms wel, zo blijkt uit onderzoek ","961",
"<sqlalchemy.orm.state.InstanceState object at 0x7fb36ec267c0>","9","961/1/2022-10-12 17:15:10.612775","1","3","961/9/2022-10-12 17:15:10.612775","Entertainment","Na K-Pop is K-lit nu de nieuwste hit uit het land van de Gangnam Style","961",
"<sqlalchemy.orm.state.InstanceState object at 0x7fb36ec26850>","5","962/1/2022-10-12 17:26:18.731982","2","0","962/5/2022-10-12 17:26:18.731982","Sport","Winnen ten koste van alles is prima, mits het niet ten koste van een medespeler gaat ","962",
"<sqlalchemy.orm.state.InstanceState object at 0x7fb36ec268e0>","9","962/1/2022-10-12 17:26:18.732134","2","1","962/9/2022-10-12 17:26:18.732134","Entertainment","Na K-Pop is K-lit nu de nieuwste hit uit het land van de Gangnam Style","962",
"<sqlalchemy.orm.state.InstanceState object at 0x7fb36ec26970>","1","962/1/2022-10-12 17:26:18.732241","2","0","962/1/2022-10-12 17:26:18.732241","Economy","Student Hotel gaat uitbreiden, studentenvakbond kritisch","962",
"<sqlalchemy.orm.state.InstanceState object at 0x7fb36ec26a00>","13","962/1/2022-10-12 17:26:18.732345","2","3","962/13/2022-10-12 17:26:18.732345","Current Affairs","Worden lokale partijen bewust buitengesloten bij coalitievorming? Soms wel, zo blijkt uit onderzoek ","962",
"<sqlalchemy.orm.state.InstanceState object at 0x7fb36ec26a90>","6","962/2/2022-10-12 17:26:23.079854","1","0","962/6/2022-10-12 17:26:23.079854","Sport","App in profvoetbal om matchfixing te melden","962",
"<sqlalchemy.orm.state.InstanceState object at 0x7fb36ec26b20>","14","962/2/2022-10-12 17:26:23.079958","1","1","962/14/2022-10-12 17:26:23.079958","Current Affairs","Ministerie was te rooskleurig over Omgevingswet","962",
"<sqlalchemy.orm.state.InstanceState object at 0x7fb36ec26bb0>","2","962/2/2022-10-12 17:26:23.080044","1","0","962/2/2022-10-12 17:26:23.080044","Economy","Ook trucks kunnen elektrisch rondrijden, maar dan moet de overheid wel een handje helpen","962",
"<sqlalchemy.orm.state.InstanceState object at 0x7fb36ec26c40>","10","962/2/2022-10-12 17:26:23.080124","1","3","962/10/2022-10-12 17:26:23.080124","Entertainment","De moshpit is het probleem niet","962",
"<sqlalchemy.orm.state.InstanceState object at 0x7fb36ec26cd0>","11","962/3/2022-10-12 17:26:28.072890","3","0","962/11/2022-10-12 17:26:28.072890","Entertainment","Dutch Game Awards vieren de commerciële successen van nog altijd kleine gamesindustrie","962",
"<sqlalchemy.orm.state.InstanceState object at 0x7fb36ec26d60>","3","962/3/2022-10-12 17:26:28.073113","3","0","962/3/2022-10-12 17:26:28.073113","Economy","Het vaste contract mag best wat losser, vindt de Nederlandsche Bank","962",
"<sqlalchemy.orm.state.InstanceState object at 0x7fb36ec26df0>","7","962/3/2022-10-12 17:26:28.073300","3","2","962/7/2022-10-12 17:26:28.073300","Sport","Zware verdenkingen, maar de voetbalschool was welkom","962",
"<sqlalchemy.orm.state.InstanceState object at 0x7fb36ec26e80>","15","962/3/2022-10-12 17:26:28.073473","3","3","962/15/2022-10-12 17:26:28.073473","Current Affairs","Het regent woonplannen. Wat betekent dit voor huurders, kopers en starters?","962",
"<sqlalchemy.orm.state.InstanceState object at 0x7fb36ec26f10>","8","962/4/2022-10-12 17:26:34.079412","4","0","962/8/2022-10-12 17:26:34.079412","Sport","Gokken is doorgedrongen tot de haarvaten van het voetbal – en dat is niet zonder gevaar ","962",
"<sqlalchemy.orm.state.InstanceState object at 0x7fb36ec26fa0>","4","962/4/2022-10-12 17:26:34.079664","4","0","962/4/2022-10-12 17:26:34.079664","Economy","Tekort aan accountants loopt komende jaren uit de hand, voorspelt ING-studie ","962",
"<sqlalchemy.orm.state.InstanceState object at 0x7fb36ec2e070>","16","962/4/2022-10-12 17:26:34.079852","4","2","962/16/2022-10-12 17:26:34.079852","Current Affairs","De Wet Open Overheid is eindelijk aangenomen, komt de nieuwe bestuurscultuur ook een stapje dichterbij?","962",
"<sqlalchemy.orm.state.InstanceState object at 0x7fb36ec2e100>","12","962/4/2022-10-12 17:26:34.080067","4","3","962/12/2022-10-12 17:26:34.080067","Entertainment","Netflix pakt het met zijn games-ambitie een keer heel anders aan: bescheiden","962",
"<sqlalchemy.orm.state.InstanceState object at 0x7fb36ec2e190>","5","963/1/2022-10-12 17:27:43.605708","2","0","963/5/2022-10-12 17:27:43.605708","Sport","Winnen ten koste van alles is prima, mits het niet ten koste van een medespeler gaat ","963",
"<sqlalchemy.orm.state.InstanceState object at 0x7fb36ec2e220>","9","963/1/2022-10-12 17:27:43.605798","2","1","963/9/2022-10-12 17:27:43.605798","Entertainment","Na K-Pop is K-lit nu de nieuwste hit uit het land van de Gangnam Style","963",
"<sqlalchemy.orm.state.InstanceState object at 0x7fb36ec2e2b0>","1","963/1/2022-10-12 17:27:43.605868","2","0","963/1/2022-10-12 17:27:43.605868","Economy","Student Hotel gaat uitbreiden, studentenvakbond kritisch","963",
"<sqlalchemy.orm.state.InstanceState object at 0x7fb36ec2e340>","13","963/1/2022-10-12 17:27:43.605935","2","3","963/13/2022-10-12 17:27:43.605935","Current Affairs","Worden lokale partijen bewust buitengesloten bij coalitievorming? Soms wel, zo blijkt uit onderzoek ","963",
"<sqlalchemy.orm.state.InstanceState object at 0x7fb36ec2e3d0>","2","963/2/2022-10-12 17:29:08.865201","4","0","963/2/2022-10-12 17:29:08.865201","Economy","Ook trucks kunnen elektrisch rondrijden, maar dan moet de overheid wel een handje helpen","963",
"<sqlalchemy.orm.state.InstanceState object at 0x7fb36ec2e460>","10","963/2/2022-10-12 17:29:08.865333","4","1","963/10/2022-10-12 17:29:08.865333","Entertainment","De moshpit is het probleem niet","963",
"<sqlalchemy.orm.state.InstanceState object at 0x7fb36ec2e4f0>","14","963/2/2022-10-12 17:29:08.865410","4","2","963/14/2022-10-12 17:29:08.865410","Current Affairs","Ministerie was te rooskleurig over Omgevingswet","963",
"<sqlalchemy.orm.state.InstanceState object at 0x7fb36ec2e580>","6","963/2/2022-10-12 17:29:08.865477","4","3","963/6/2022-10-12 17:29:08.865477","Sport","App in profvoetbal om matchfixing te melden","963",
"<sqlalchemy.orm.state.InstanceState object at 0x7fb36ec2e610>","15","963/3/2022-10-12 17:29:13.509510","1","0","963/15/2022-10-12 17:29:13.509510","Current Affairs","Het regent woonplannen. Wat betekent dit voor huurders, kopers en starters?","963",
"<sqlalchemy.orm.state.InstanceState object at 0x7fb36ec2e6a0>","7","963/3/2022-10-12 17:29:13.509743","1","1","963/7/2022-10-12 17:29:13.509743","Sport","Zware verdenkingen, maar de voetbalschool was welkom","963",
"<sqlalchemy.orm.state.InstanceState object at 0x7fb36ec2e730>","11","963/3/2022-10-12 17:29:13.509932","1","2","963/11/2022-10-12 17:29:13.509932","Entertainment","Dutch Game Awards vieren de commerciële successen van nog altijd kleine gamesindustrie","963",
"<sqlalchemy.orm.state.InstanceState object at 0x7fb36ec2e7c0>","3","963/3/2022-10-12 17:29:13.510106","1","0","963/3/2022-10-12 17:29:13.510106","Economy","Het vaste contract mag best wat losser, vindt de Nederlandsche Bank","963",
"<sqlalchemy.orm.state.InstanceState object at 0x7fb36ec2e850>","12","963/4/2022-10-12 17:29:18.277139","3","0","963/12/2022-10-12 17:29:18.277139","Entertainment","Netflix pakt het met zijn games-ambitie een keer heel anders aan: bescheiden","963",
"<sqlalchemy.orm.state.InstanceState object at 0x7fb36ec2e8e0>","8","963/4/2022-10-12 17:29:18.277359","3","1","963/8/2022-10-12 17:29:18.277359","Sport","Gokken is doorgedrongen tot de haarvaten van het voetbal – en dat is niet zonder gevaar ","963",
"<sqlalchemy.orm.state.InstanceState object at 0x7fb36ec2e970>","16","963/4/2022-10-12 17:29:18.277542","3","2","963/16/2022-10-12 17:29:18.277542","Current Affairs","De Wet Open Overheid is eindelijk aangenomen, komt de nieuwe bestuurscultuur ook een stapje dichterbij?","963",
"<sqlalchemy.orm.state.InstanceState object at 0x7fb36ec2ea00>","4","963/4/2022-10-12 17:29:18.277715","3","0","963/4/2022-10-12 17:29:18.277715","Economy","Tekort aan accountants loopt komende jaren uit de hand, voorspelt ING-studie ","963",
"<sqlalchemy.orm.state.InstanceState object at 0x7fb36ec2ea90>","1","432/1/2022-10-12 17:31:45.034968","1","0","432/1/2022-10-12 17:31:45.034968","Economy","Student Hotel gaat uitbreiden, studentenvakbond kritisch","432",
"<sqlalchemy.orm.state.InstanceState object at 0x7fb36ec2eb20>","5","432/1/2022-10-12 17:31:45.035109","1","1","432/5/2022-10-12 17:31:45.035109","Sport","Winnen ten koste van alles is prima, mits het niet ten koste van een medespeler gaat ","432",
"<sqlalchemy.orm.state.InstanceState object at 0x7fb36ec2ebb0>","9","432/1/2022-10-12 17:31:45.035178","1","2","432/9/2022-10-12 17:31:45.035178","Entertainment","Na K-Pop is K-lit nu de nieuwste hit uit het land van de Gangnam Style","432",
"<sqlalchemy.orm.state.InstanceState object at 0x7fb36ec2ec40>","13","432/1/2022-10-12 17:31:45.035234","1","3","432/13/2022-10-12 17:31:45.035234","Current Affairs","Worden lokale partijen bewust buitengesloten bij coalitievorming? Soms wel, zo blijkt uit onderzoek ","432",
"<sqlalchemy.orm.state.InstanceState object at 0x7fb36ec2ecd0>","2","432/2/2022-10-12 17:31:51.673245","2","0","432/2/2022-10-12 17:31:51.673245","Economy","Ook trucks kunnen elektrisch rondrijden, maar dan moet de overheid wel een handje helpen","432",
"<sqlalchemy.orm.state.InstanceState object at 0x7fb36ec2ed60>","6","432/2/2022-10-12 17:31:51.673386","2","1","432/6/2022-10-12 17:31:51.673386","Sport","App in profvoetbal om matchfixing te melden","432",
"<sqlalchemy.orm.state.InstanceState object at 0x7fb36ec2edf0>","14","432/2/2022-10-12 17:31:51.673447","2","2","432/14/2022-10-12 17:31:51.673447","Current Affairs","Ministerie was te rooskleurig over Omgevingswet","432",
"<sqlalchemy.orm.state.InstanceState object at 0x7fb36ec2ee80>","10","432/2/2022-10-12 17:31:51.673501","2","3","432/10/2022-10-12 17:31:51.673501","Entertainment","De moshpit is het probleem niet","432",
"<sqlalchemy.orm.state.InstanceState object at 0x7fb36ec2ef10>","7","432/3/2022-10-12 17:31:58.388763","3","0","432/7/2022-10-12 17:31:58.388763","Sport","Zware verdenkingen, maar de voetbalschool was welkom","432",
"<sqlalchemy.orm.state.InstanceState object at 0x7fb36ec2efa0>","11","432/3/2022-10-12 17:31:58.388851","3","1","432/11/2022-10-12 17:31:58.388851","Entertainment","Dutch Game Awards vieren de commerciële successen van nog altijd kleine gamesindustrie","432",
"<sqlalchemy.orm.state.InstanceState object at 0x7fb36ec36070>","3","432/3/2022-10-12 17:31:58.388909","3","0","432/3/2022-10-12 17:31:58.388909","Economy","Het vaste contract mag best wat losser, vindt de Nederlandsche Bank","432",
"<sqlalchemy.orm.state.InstanceState object at 0x7fb36ec36100>","15","432/3/2022-10-12 17:31:58.388964","3","3","432/15/2022-10-12 17:31:58.388964","Current Affairs","Het regent woonplannen. Wat betekent dit voor huurders, kopers en starters?","432",
"<sqlalchemy.orm.state.InstanceState object at 0x7fb36ec36190>","16","432/4/2022-10-12 17:32:06.752912","4","0","432/16/2022-10-12 17:32:06.752912","Current Affairs","De Wet Open Overheid is eindelijk aangenomen, komt de nieuwe bestuurscultuur ook een stapje dichterbij?","432",
"<sqlalchemy.orm.state.InstanceState object at 0x7fb36ec36220>","8","432/4/2022-10-12 17:32:06.753040","4","1","432/8/2022-10-12 17:32:06.753040","Sport","Gokken is doorgedrongen tot de haarvaten van het voetbal – en dat is niet zonder gevaar ","432",
"<sqlalchemy.orm.state.InstanceState object at 0x7fb36ec362b0>","12","432/4/2022-10-12 17:32:06.753100","4","2","432/12/2022-10-12 17:32:06.753100","Entertainment","Netflix pakt het met zijn games-ambitie een keer heel anders aan: bescheiden","432",
"<sqlalchemy.orm.state.InstanceState object at 0x7fb36ec36340>","4","432/4/2022-10-12 17:32:06.753155","4","0","432/4/2022-10-12 17:32:06.753155","Economy","Tekort aan accountants loopt komende jaren uit de hand, voorspelt ING-studie ","432",
"<sqlalchemy.orm.state.InstanceState object at 0x7fb36ec363d0>","1","28062/1/2022-10-12 17:36:31.478187","3","0","28062/1/2022-10-12 17:36:31.478187","Economy","Student Hotel gaat uitbreiden, studentenvakbond kritisch","28062",
"<sqlalchemy.orm.state.InstanceState object at 0x7fb36ec36460>","9","28062/1/2022-10-12 17:36:31.478302","3","1","28062/9/2022-10-12 17:36:31.478302","Entertainment","Na K-Pop is K-lit nu de nieuwste hit uit het land van de Gangnam Style","28062",
"<sqlalchemy.orm.state.InstanceState object at 0x7fb36ec364f0>","13","28062/1/2022-10-12 17:36:31.478369","3","2","28062/13/2022-10-12 17:36:31.478369","Current Affairs","Worden lokale partijen bewust buitengesloten bij coalitievorming? Soms wel, zo blijkt uit onderzoek ","28062",
"<sqlalchemy.orm.state.InstanceState object at 0x7fb36ec36580>","5","28062/1/2022-10-12 17:36:31.478425","3","3","28062/5/2022-10-12 17:36:31.478425","Sport","Winnen ten koste van alles is prima, mits het niet ten koste van een medespeler gaat ","28062",
"<sqlalchemy.orm.state.InstanceState object at 0x7fb36ec36610>","2","28062/2/2022-10-12 17:36:40.970357","1","0","28062/2/2022-10-12 17:36:40.970357","Economy","Ook trucks kunnen elektrisch rondrijden, maar dan moet de overheid wel een handje helpen","28062",
"<sqlalchemy.orm.state.InstanceState object at 0x7fb36ec366a0>","14","28062/2/2022-10-12 17:36:40.970585","1","1","28062/14/2022-10-12 17:36:40.970585","Current Affairs","Ministerie was te rooskleurig over Omgevingswet","28062",
"<sqlalchemy.orm.state.InstanceState object at 0x7fb36ec36730>","6","28062/2/2022-10-12 17:36:40.970680","1","2","28062/6/2022-10-12 17:36:40.970680","Sport","App in profvoetbal om matchfixing te melden","28062",
"<sqlalchemy.orm.state.InstanceState object at 0x7fb36ec367c0>","10","28062/2/2022-10-12 17:36:40.970764","1","3","28062/10/2022-10-12 17:36:40.970764","Entertainment","De moshpit is het probleem niet","28062",
"<sqlalchemy.orm.state.InstanceState object at 0x7fb36ec36850>","15","28062/3/2022-10-12 17:36:49.099921","2","0","28062/15/2022-10-12 17:36:49.099921","Current Affairs","Het regent woonplannen. Wat betekent dit voor huurders, kopers en starters?","28062",
"<sqlalchemy.orm.state.InstanceState object at 0x7fb36ec368e0>","11","28062/3/2022-10-12 17:36:49.100058","2","1","28062/11/2022-10-12 17:36:49.100058","Entertainment","Dutch Game Awards vieren de commerciële successen van nog altijd kleine gamesindustrie","28062",
"<sqlalchemy.orm.state.InstanceState object at 0x7fb36ec36970>","7","28062/3/2022-10-12 17:36:49.100159","2","2","28062/7/2022-10-12 17:36:49.100159","Sport","Zware verdenkingen, maar de voetbalschool was welkom","28062",
"<sqlalchemy.orm.state.InstanceState object at 0x7fb36ec36a00>","3","28062/3/2022-10-12 17:36:49.100257","2","0","28062/3/2022-10-12 17:36:49.100257","Economy","Het vaste contract mag best wat losser, vindt de Nederlandsche Bank","28062",
"<sqlalchemy.orm.state.InstanceState object at 0x7fb36ec36a90>","16","28062/4/2022-10-12 17:36:56.092416","4","0","28062/16/2022-10-12 17:36:56.092416","Current Affairs","De Wet Open Overheid is eindelijk aangenomen, komt de nieuwe bestuurscultuur ook een stapje dichterbij?","28062",
"<sqlalchemy.orm.state.InstanceState object at 0x7fb36ec36b20>","12","28062/4/2022-10-12 17:36:56.092511","4","1","28062/12/2022-10-12 17:36:56.092511","Entertainment","Netflix pakt het met zijn games-ambitie een keer heel anders aan: bescheiden","28062",
"<sqlalchemy.orm.state.InstanceState object at 0x7fb36ec36bb0>","8","28062/4/2022-10-12 17:36:56.092569","4","2","28062/8/2022-10-12 17:36:56.092569","Sport","Gokken is doorgedrongen tot de haarvaten van het voetbal – en dat is niet zonder gevaar ","28062",
"<sqlalchemy.orm.state.InstanceState object at 0x7fb36ec36c40>","4","28062/4/2022-10-12 17:36:56.092624","4","0","28062/4/2022-10-12 17:36:56.092624","Economy","Tekort aan accountants loopt komende jaren uit de hand, voorspelt ING-studie ","28062",
"<sqlalchemy.orm.state.InstanceState object at 0x7fb36ec36cd0>","5","94581/1/2022-10-12 17:57:45.126189","2","0","94581/5/2022-10-12 17:57:45.126189","Sport","Winnen ten koste van alles is prima, mits het niet ten koste van een medespeler gaat ","94581",
"<sqlalchemy.orm.state.InstanceState object at 0x7fb36ec36d60>","9","94581/1/2022-10-12 17:57:45.126303","2","1","94581/9/2022-10-12 17:57:45.126303","Entertainment","Na K-Pop is K-lit nu de nieuwste hit uit het land van de Gangnam Style","94581",
"<sqlalchemy.orm.state.InstanceState object at 0x7fb36ec36df0>","13","94581/1/2022-10-12 17:57:45.126370","2","2","94581/13/2022-10-12 17:57:45.126370","Current Affairs","Worden lokale partijen bewust buitengesloten bij coalitievorming? Soms wel, zo blijkt uit onderzoek ","94581",
"<sqlalchemy.orm.state.InstanceState object at 0x7fb36ec36e80>","1","94581/1/2022-10-12 17:57:45.126424","2","0","94581/1/2022-10-12 17:57:45.126424","Economy","Student Hotel gaat uitbreiden, studentenvakbond kritisch","94581",
"<sqlalchemy.orm.state.InstanceState object at 0x7fb36ec36f10>","10","94581/2/2022-10-12 17:58:20.107731","1","0","94581/10/2022-10-12 17:58:20.107731","Entertainment","De moshpit is het probleem niet","94581",
"<sqlalchemy.orm.state.InstanceState object at 0x7fb36ec36fa0>","6","94581/2/2022-10-12 17:58:20.107875","1","1","94581/6/2022-10-12 17:58:20.107875","Sport","App in profvoetbal om matchfixing te melden","94581",
"<sqlalchemy.orm.state.InstanceState object at 0x7fb36ec3f070>","2","94581/2/2022-10-12 17:58:20.107934","1","0","94581/2/2022-10-12 17:58:20.107934","Economy","Ook trucks kunnen elektrisch rondrijden, maar dan moet de overheid wel een handje helpen","94581",
"<sqlalchemy.orm.state.InstanceState object at 0x7fb36ec3f100>","14","94581/2/2022-10-12 17:58:20.107988","1","3","94581/14/2022-10-12 17:58:20.107988","Current Affairs","Ministerie was te rooskleurig over Omgevingswet","94581",
"<sqlalchemy.orm.state.InstanceState object at 0x7fb36ec3f190>","11","94581/3/2022-10-12 17:58:26.895958","3","0","94581/11/2022-10-12 17:58:26.895958","Entertainment","Dutch Game Awards vieren de commerciële successen van nog altijd kleine gamesindustrie","94581",
"<sqlalchemy.orm.state.InstanceState object at 0x7fb36ec3f220>","15","94581/3/2022-10-12 17:58:26.896136","3","1","94581/15/2022-10-12 17:58:26.896136","Current Affairs","Het regent woonplannen. Wat betekent dit voor huurders, kopers en starters?","94581",
"<sqlalchemy.orm.state.InstanceState object at 0x7fb36ec3f2b0>","7","94581/3/2022-10-12 17:58:26.896196","3","2","94581/7/2022-10-12 17:58:26.896196","Sport","Zware verdenkingen, maar de voetbalschool was welkom","94581",
"<sqlalchemy.orm.state.InstanceState object at 0x7fb36ec3f340>","3","94581/3/2022-10-12 17:58:26.896250","3","0","94581/3/2022-10-12 17:58:26.896250","Economy","Het vaste contract mag best wat losser, vindt de Nederlandsche Bank","94581",
"<sqlalchemy.orm.state.InstanceState object at 0x7fb36ec3f3d0>","16","94581/4/2022-10-12 17:58:33.332190","4","0","94581/16/2022-10-12 17:58:33.332190","Current Affairs","De Wet Open Overheid is eindelijk aangenomen, komt de nieuwe bestuurscultuur ook een stapje dichterbij?","94581",
"<sqlalchemy.orm.state.InstanceState object at 0x7fb36ec3f460>","8","94581/4/2022-10-12 17:58:33.332485","4","1","94581/8/2022-10-12 17:58:33.332485","Sport","Gokken is doorgedrongen tot de haarvaten van het voetbal – en dat is niet zonder gevaar ","94581",
"<sqlalchemy.orm.state.InstanceState object at 0x7fb36ec3f4f0>","12","94581/4/2022-10-12 17:58:33.332601","4","2","94581/12/2022-10-12 17:58:33.332601","Entertainment","Netflix pakt het met zijn games-ambitie een keer heel anders aan: bescheiden","94581",
"<sqlalchemy.orm.state.InstanceState object at 0x7fb36ec3f580>","4","94581/4/2022-10-12 17:58:33.332689","4","0","94581/4/2022-10-12 17:58:33.332689","Economy","Tekort aan accountants loopt komende jaren uit de hand, voorspelt ING-studie ","94581",
"<sqlalchemy.orm.state.InstanceState object at 0x7fb36ec3f610>","13","24899/1/2022-10-12 18:21:14.203175","1","0","24899/13/2022-10-12 18:21:14.203175","Current Affairs","Worden lokale partijen bewust buitengesloten bij coalitievorming? Soms wel, zo blijkt uit onderzoek ","24899",
"<sqlalchemy.orm.state.InstanceState object at 0x7fb36ec3f6a0>","5","24899/1/2022-10-12 18:21:14.203175","1","1","24899/5/2022-10-12 18:21:14.203175","Sport","Winnen ten koste van alles is prima, mits het niet ten koste van een medespeler gaat ","24899",
"<sqlalchemy.orm.state.InstanceState object at 0x7fb36ec3f730>","1","24899/1/2022-10-12 18:21:14.203175","1","0","24899/1/2022-10-12 18:21:14.203175","Economy","Student Hotel gaat uitbreiden, studentenvakbond kritisch","24899",
"<sqlalchemy.orm.state.InstanceState object at 0x7fb36ec3f7c0>","9","24899/1/2022-10-12 18:21:14.203175","1","3","24899/9/2022-10-12 18:21:14.203175","Entertainment","Na K-Pop is K-lit nu de nieuwste hit uit het land van de Gangnam Style","24899",
"<sqlalchemy.orm.state.InstanceState object at 0x7fb36ec3f850>","2","24899/2/2022-10-12 18:21:19.825396","2","0","24899/2/2022-10-12 18:21:19.825396","Economy","Ook trucks kunnen elektrisch rondrijden, maar dan moet de overheid wel een handje helpen","24899",
"<sqlalchemy.orm.state.InstanceState object at 0x7fb36ec3f8e0>","6","24899/2/2022-10-12 18:21:19.825396","2","1","24899/6/2022-10-12 18:21:19.825396","Sport","App in profvoetbal om matchfixing te melden","24899",
"<sqlalchemy.orm.state.InstanceState object at 0x7fb36ec3f970>","10","24899/2/2022-10-12 18:21:19.825396","2","2","24899/10/2022-10-12 18:21:19.825396","Entertainment","De moshpit is het probleem niet","24899",
"<sqlalchemy.orm.state.InstanceState object at 0x7fb36ec3fa00>","14","24899/2/2022-10-12 18:21:19.825396","2","3","24899/14/2022-10-12 18:21:19.825396","Current Affairs","Ministerie was te rooskleurig over Omgevingswet","24899",
"<sqlalchemy.orm.state.InstanceState object at 0x7fb36ec3fa90>","7","24899/3/2022-10-12 18:21:24.698265","3","0","24899/7/2022-10-12 18:21:24.698265","Sport","Zware verdenkingen, maar de voetbalschool was welkom","24899",
"<sqlalchemy.orm.state.InstanceState object at 0x7fb36ec3fb20>","15","24899/3/2022-10-12 18:21:24.698265","3","1","24899/15/2022-10-12 18:21:24.698265","Current Affairs","Het regent woonplannen. Wat betekent dit voor huurders, kopers en starters?","24899",
"<sqlalchemy.orm.state.InstanceState object at 0x7fb36ec3fbb0>","11","24899/3/2022-10-12 18:21:24.698265","3","2","24899/11/2022-10-12 18:21:24.698265","Entertainment","Dutch Game Awards vieren de commerciële successen van nog altijd kleine gamesindustrie","24899",
"<sqlalchemy.orm.state.InstanceState object at 0x7fb36ec3fc40>","3","24899/3/2022-10-12 18:21:24.698265","3","0","24899/3/2022-10-12 18:21:24.698265","Economy","Het vaste contract mag best wat losser, vindt de Nederlandsche Bank","24899",
"<sqlalchemy.orm.state.InstanceState object at 0x7fb36ec3fcd0>","16","24899/4/2022-10-12 18:21:30.272956","4","0","24899/16/2022-10-12 18:21:30.272956","Current Affairs","De Wet Open Overheid is eindelijk aangenomen, komt de nieuwe bestuurscultuur ook een stapje dichterbij?","24899",
"<sqlalchemy.orm.state.InstanceState object at 0x7fb36ec3fd60>","4","24899/4/2022-10-12 18:21:30.272956","4","0","24899/4/2022-10-12 18:21:30.272956","Economy","Tekort aan accountants loopt komende jaren uit de hand, voorspelt ING-studie ","24899",
"<sqlalchemy.orm.state.InstanceState object at 0x7fb36ec3fdf0>","8","24899/4/2022-10-12 18:21:30.272956","4","2","24899/8/2022-10-12 18:21:30.272956","Sport","Gokken is doorgedrongen tot de haarvaten van het voetbal – en dat is niet zonder gevaar ","24899",
"<sqlalchemy.orm.state.InstanceState object at 0x7fb36ec3fe80>","12","24899/4/2022-10-12 18:21:30.272956","4","3","24899/12/2022-10-12 18:21:30.272956","Entertainment","Netflix pakt het met zijn games-ambitie een keer heel anders aan: bescheiden","24899",

