_sa_instance_state, article_set_id, exposure_id, nudge_id, timestamp_exposures, user_id
"<sqlalchemy.orm.state.InstanceState object at 0x7fe2a695bd00>","1","485/1/2022-10-12 14:02:52.477307","1","2022-10-12 14:02:52.477307","485",
"<sqlalchemy.orm.state.InstanceState object at 0x7fe2a695bd30>","1","485/1/2022-10-12 14:03:20.688116","3","2022-10-12 14:03:20.688116","485",
"<sqlalchemy.orm.state.InstanceState object at 0x7fe2a695bd90>","1","577/1/2022-10-12 14:03:56.666858","1","2022-10-12 14:03:56.666858","577",
"<sqlalchemy.orm.state.InstanceState object at 0x7fe2a695be50>","1","577/1/2022-10-12 14:06:07.755733","4","2022-10-12 14:06:07.755733","577",
"<sqlalchemy.orm.state.InstanceState object at 0x7fe2a695bee0>","1","577/1/2022-10-12 14:09:26.367406","3","2022-10-12 14:09:26.367406","577",
"<sqlalchemy.orm.state.InstanceState object at 0x7fe2a695bf70>","1","577/1/2022-10-12 14:10:24.658512","2","2022-10-12 14:10:24.658512","577",
"<sqlalchemy.orm.state.InstanceState object at 0x7fe2a695f040>","1","578/1/2022-10-12 14:12:41.758243","4","2022-10-12 14:12:41.758243","578",
"<sqlalchemy.orm.state.InstanceState object at 0x7fe2a695f0d0>","1","482/1/2022-10-12 14:12:57.972242","1","2022-10-12 14:12:57.972242","482",
"<sqlalchemy.orm.state.InstanceState object at 0x7fe2a695f160>","1","482/1/2022-10-12 14:17:05.775570","2","2022-10-12 14:17:05.775570","482",
"<sqlalchemy.orm.state.InstanceState object at 0x7fe2a695f1f0>","1","876/1/2022-10-12 14:27:14.210555","3","2022-10-12 14:27:14.210555","876",
"<sqlalchemy.orm.state.InstanceState object at 0x7fe2a695f280>","1","907/1/2022-10-12 14:28:26.011458","1","2022-10-12 14:28:26.011458","907",
"<sqlalchemy.orm.state.InstanceState object at 0x7fe2a695f310>","1","951/1/2022-10-12 15:51:41.588395","3","2022-10-12 15:51:41.588395","951",
"<sqlalchemy.orm.state.InstanceState object at 0x7fe2a695f3a0>","1","952/1/2022-10-12 16:00:11.551682","3","2022-10-12 16:00:11.551682","952",
"<sqlalchemy.orm.state.InstanceState object at 0x7fe2a695f430>","1","953/1/2022-10-12 16:01:35.702939","2","2022-10-12 16:01:35.702939","953",
"<sqlalchemy.orm.state.InstanceState object at 0x7fe2a695f4c0>","1","953/1/2022-10-12 16:22:15.544720","4","2022-10-12 16:22:15.544720","953",
"<sqlalchemy.orm.state.InstanceState object at 0x7fe2a695f550>","1","377/1/2022-10-12 16:26:44.583856","3","2022-10-12 16:26:44.583856","377",
"<sqlalchemy.orm.state.InstanceState object at 0x7fe2a695f5e0>","1","960/1/2022-10-12 16:30:25.486872","2","2022-10-12 16:30:25.486872","960",
"<sqlalchemy.orm.state.InstanceState object at 0x7fe2a695f670>","1","953/1/2022-10-12 16:30:33.375797","3","2022-10-12 16:30:33.375797","953",
"<sqlalchemy.orm.state.InstanceState object at 0x7fe2a695f700>","1","954/1/2022-10-12 16:31:45.502634","3","2022-10-12 16:31:45.502634","954",
"<sqlalchemy.orm.state.InstanceState object at 0x7fe2a695f790>","1","955/1/2022-10-12 16:39:56.446954","3","2022-10-12 16:39:56.446954","955",
"<sqlalchemy.orm.state.InstanceState object at 0x7fe2a695f820>","1","956/1/2022-10-12 16:43:33.047975","2","2022-10-12 16:43:33.047975","956",
"<sqlalchemy.orm.state.InstanceState object at 0x7fe2a695f8b0>","1","956/1/2022-10-12 16:48:41.749972","4","2022-10-12 16:48:41.749972","956",
"<sqlalchemy.orm.state.InstanceState object at 0x7fe2a695f940>","1","956/1/2022-10-12 16:50:14.129027","1","2022-10-12 16:50:14.129027","956",
"<sqlalchemy.orm.state.InstanceState object at 0x7fe2a695f9d0>","1","957/1/2022-10-12 16:52:33.977223","4","2022-10-12 16:52:33.977223","957",
"<sqlalchemy.orm.state.InstanceState object at 0x7fe2a695fa60>","1","958/1/2022-10-12 16:53:28.483736","3","2022-10-12 16:53:28.483736","958",
"<sqlalchemy.orm.state.InstanceState object at 0x7fe2a695faf0>","1","959/1/2022-10-12 16:54:22.628850","1","2022-10-12 16:54:22.628850","959",
"<sqlalchemy.orm.state.InstanceState object at 0x7fe2a695fb80>","1","960/1/2022-10-12 17:13:27.051595","3","2022-10-12 17:13:27.051595","960",
"<sqlalchemy.orm.state.InstanceState object at 0x7fe2a695fc10>","1","960/1/2022-10-12 17:13:32.004587","4","2022-10-12 17:13:32.004587","960",
"<sqlalchemy.orm.state.InstanceState object at 0x7fe2a695fca0>","1","960/1/2022-10-12 17:14:50.517172","1","2022-10-12 17:14:50.517172","960",
"<sqlalchemy.orm.state.InstanceState object at 0x7fe2a695fd30>","1","961/1/2022-10-12 17:15:06.599256","4","2022-10-12 17:15:06.599256","961",
"<sqlalchemy.orm.state.InstanceState object at 0x7fe2a695fdc0>","1","961/1/2022-10-12 17:15:10.604738","1","2022-10-12 17:15:10.604738","961",
"<sqlalchemy.orm.state.InstanceState object at 0x7fe2a695fe50>","1","962/1/2022-10-12 17:26:18.723736","2","2022-10-12 17:26:18.723736","962",
"<sqlalchemy.orm.state.InstanceState object at 0x7fe2a695fee0>","2","962/2/2022-10-12 17:26:23.076609","1","2022-10-12 17:26:23.076609","962",
"<sqlalchemy.orm.state.InstanceState object at 0x7fe2a695ff70>","3","962/3/2022-10-12 17:26:28.066103","3","2022-10-12 17:26:28.066103","962",
"<sqlalchemy.orm.state.InstanceState object at 0x7fe2a6966040>","4","962/4/2022-10-12 17:26:34.071515","4","2022-10-12 17:26:34.071515","962",
"<sqlalchemy.orm.state.InstanceState object at 0x7fe2a69660d0>","1","963/1/2022-10-12 17:27:43.601937","2","2022-10-12 17:27:43.601937","963",
"<sqlalchemy.orm.state.InstanceState object at 0x7fe2a6966160>","2","963/2/2022-10-12 17:29:08.862711","4","2022-10-12 17:29:08.862711","963",
"<sqlalchemy.orm.state.InstanceState object at 0x7fe2a69661f0>","3","963/3/2022-10-12 17:29:13.500557","1","2022-10-12 17:29:13.500557","963",
"<sqlalchemy.orm.state.InstanceState object at 0x7fe2a6966280>","4","963/4/2022-10-12 17:29:18.270484","3","2022-10-12 17:29:18.270484","963",
"<sqlalchemy.orm.state.InstanceState object at 0x7fe2a6966310>","1","432/1/2022-10-12 17:31:45.013532","1","2022-10-12 17:31:45.013532","432",
"<sqlalchemy.orm.state.InstanceState object at 0x7fe2a69663a0>","2","432/2/2022-10-12 17:31:51.662692","2","2022-10-12 17:31:51.662692","432",
"<sqlalchemy.orm.state.InstanceState object at 0x7fe2a6966430>","3","432/3/2022-10-12 17:31:58.384054","3","2022-10-12 17:31:58.384054","432",
"<sqlalchemy.orm.state.InstanceState object at 0x7fe2a69664c0>","4","432/4/2022-10-12 17:32:06.746923","4","2022-10-12 17:32:06.746923","432",
"<sqlalchemy.orm.state.InstanceState object at 0x7fe2a6966550>","1","28062/1/2022-10-12 17:36:31.466178","3","2022-10-12 17:36:31.466178","28062",
"<sqlalchemy.orm.state.InstanceState object at 0x7fe2a69665e0>","2","28062/2/2022-10-12 17:36:40.965247","1","2022-10-12 17:36:40.965247","28062",
"<sqlalchemy.orm.state.InstanceState object at 0x7fe2a6966670>","3","28062/3/2022-10-12 17:36:49.095207","2","2022-10-12 17:36:49.095207","28062",
"<sqlalchemy.orm.state.InstanceState object at 0x7fe2a6966700>","4","28062/4/2022-10-12 17:36:56.087346","4","2022-10-12 17:36:56.087346","28062",
"<sqlalchemy.orm.state.InstanceState object at 0x7fe2a6966790>","1","94581/1/2022-10-12 17:57:45.110386","2","2022-10-12 17:57:45.110386","94581",
"<sqlalchemy.orm.state.InstanceState object at 0x7fe2a6966820>","2","94581/2/2022-10-12 17:58:20.098090","1","2022-10-12 17:58:20.098090","94581",
"<sqlalchemy.orm.state.InstanceState object at 0x7fe2a69668b0>","3","94581/3/2022-10-12 17:58:26.888722","3","2022-10-12 17:58:26.888722","94581",
"<sqlalchemy.orm.state.InstanceState object at 0x7fe2a6966940>","4","94581/4/2022-10-12 17:58:33.321888","4","2022-10-12 17:58:33.321888","94581",
"<sqlalchemy.orm.state.InstanceState object at 0x7fe2a69669d0>","1","24899/1/2022-10-12 18:21:14.203175","1","2022-10-12 18:21:14.203175","24899",
"<sqlalchemy.orm.state.InstanceState object at 0x7fe2a6966a60>","2","24899/2/2022-10-12 18:21:19.825396","2","2022-10-12 18:21:19.825396","24899",
"<sqlalchemy.orm.state.InstanceState object at 0x7fe2a6966af0>","3","24899/3/2022-10-12 18:21:24.698265","3","2022-10-12 18:21:24.698265","24899",
"<sqlalchemy.orm.state.InstanceState object at 0x7fe2a6966b80>","4","24899/4/2022-10-12 18:21:30.272956","4","2022-10-12 18:21:30.272956","24899",
"<sqlalchemy.orm.state.InstanceState object at 0x7fe2a6966c10>","1","53740/1/2022-10-13 09:06:27.083903","2","2022-10-13 09:06:27.083903","53740",
"<sqlalchemy.orm.state.InstanceState object at 0x7fe2a6966ca0>","2","53740/2/2022-10-13 09:06:40.347689","4","2022-10-13 09:06:40.347689","53740",
"<sqlalchemy.orm.state.InstanceState object at 0x7fe2a6966d30>","3","53740/3/2022-10-13 09:06:50.369335","1","2022-10-13 09:06:50.369335","53740",
"<sqlalchemy.orm.state.InstanceState object at 0x7fe2a6966dc0>","4","53740/4/2022-10-13 09:06:58.140114","3","2022-10-13 09:06:58.140114","53740",
"<sqlalchemy.orm.state.InstanceState object at 0x7fe2a6966e50>","1","722/1/2022-10-13 09:25:41.100558","3","2022-10-13 09:25:41.100558","722",
"<sqlalchemy.orm.state.InstanceState object at 0x7fe2a6966ee0>","2","722/2/2022-10-13 09:25:57.184883","4","2022-10-13 09:25:57.184883","722",
"<sqlalchemy.orm.state.InstanceState object at 0x7fe2a6966f70>","3","722/3/2022-10-13 09:26:07.521808","1","2022-10-13 09:26:07.521808","722",
"<sqlalchemy.orm.state.InstanceState object at 0x7fe2a6970040>","4","722/4/2022-10-13 09:27:26.761995","2","2022-10-13 09:27:26.761995","722",
"<sqlalchemy.orm.state.InstanceState object at 0x7fe2a69700d0>","1","723/1/2022-10-13 09:28:20.296264","1","2022-10-13 09:28:20.296264","723",
"<sqlalchemy.orm.state.InstanceState object at 0x7fe2a6970160>","2","723/2/2022-10-13 09:29:28.832246","2","2022-10-13 09:29:28.832246","723",
"<sqlalchemy.orm.state.InstanceState object at 0x7fe2a69701f0>","3","723/3/2022-10-13 09:30:30.874381","3","2022-10-13 09:30:30.874381","723",
"<sqlalchemy.orm.state.InstanceState object at 0x7fe2a6970280>","4","723/4/2022-10-13 09:33:56.925719","4","2022-10-13 09:33:56.925719","723",
"<sqlalchemy.orm.state.InstanceState object at 0x7fe2a6970310>","1","724/1/2022-10-13 09:37:31.116671","4","2022-10-13 09:37:31.116671","724",
"<sqlalchemy.orm.state.InstanceState object at 0x7fe2a69703a0>","2","724/2/2022-10-13 09:39:42.817605","1","2022-10-13 09:39:42.817605","724",
"<sqlalchemy.orm.state.InstanceState object at 0x7fe2a6970430>","3","724/3/2022-10-13 09:44:22.460921","3","2022-10-13 09:44:22.460921","724",
"<sqlalchemy.orm.state.InstanceState object at 0x7fe2a69704c0>","4","724/4/2022-10-13 09:47:45.645478","2","2022-10-13 09:47:45.645478","724",
"<sqlalchemy.orm.state.InstanceState object at 0x7fe2a6970550>","1","725/1/2022-10-13 09:48:54.802315","4","2022-10-13 09:48:54.802315","725",
"<sqlalchemy.orm.state.InstanceState object at 0x7fe2a69705e0>","2","725/2/2022-10-13 09:49:29.454624","1","2022-10-13 09:49:29.454624","725",
"<sqlalchemy.orm.state.InstanceState object at 0x7fe2a6970670>","3","725/3/2022-10-13 09:50:41.896479","2","2022-10-13 09:50:41.896479","725",
"<sqlalchemy.orm.state.InstanceState object at 0x7fe2a6970700>","4","725/4/2022-10-13 10:01:22.493044","3","2022-10-13 10:01:22.493044","725",
"<sqlalchemy.orm.state.InstanceState object at 0x7fe2a6970790>","1","726/1/2022-10-13 10:06:38.209862","2","2022-10-13 10:06:38.209862","726",
"<sqlalchemy.orm.state.InstanceState object at 0x7fe2a6970820>","2","726/2/2022-10-13 10:08:05.840331","4","2022-10-13 10:08:05.840331","726",
"<sqlalchemy.orm.state.InstanceState object at 0x7fe2a69708b0>","3","726/3/2022-10-13 10:11:35.280119","3","2022-10-13 10:11:35.280119","726",
"<sqlalchemy.orm.state.InstanceState object at 0x7fe2a6970940>","4","726/4/2022-10-13 10:11:59.562114","1","2022-10-13 10:11:59.562114","726",
"<sqlalchemy.orm.state.InstanceState object at 0x7fe2a69709d0>","1","727/1/2022-10-13 10:12:32.561288","1","2022-10-13 10:12:32.561288","727",
"<sqlalchemy.orm.state.InstanceState object at 0x7fe2a6970a60>","2","727/2/2022-10-13 10:12:39.543800","4","2022-10-13 10:12:39.543800","727",
"<sqlalchemy.orm.state.InstanceState object at 0x7fe2a6970af0>","3","727/3/2022-10-13 10:12:45.068432","2","2022-10-13 10:12:45.068432","727",
"<sqlalchemy.orm.state.InstanceState object at 0x7fe2a6970b80>","1","60335/1/2022-10-13 10:19:59.580416","1","2022-10-13 10:19:59.580416","60335",
"<sqlalchemy.orm.state.InstanceState object at 0x7fe2a6970c10>","2","60335/2/2022-10-13 10:20:05.330419","3","2022-10-13 10:20:05.330419","60335",
"<sqlalchemy.orm.state.InstanceState object at 0x7fe2a6970ca0>","3","60335/3/2022-10-13 10:20:10.577795","2","2022-10-13 10:20:10.577795","60335",
"<sqlalchemy.orm.state.InstanceState object at 0x7fe2a6970d30>","4","60335/4/2022-10-13 10:20:20.027191","4","2022-10-13 10:20:20.027191","60335",
"<sqlalchemy.orm.state.InstanceState object at 0x7fe2a6970dc0>","1","31416/1/2022-10-13 11:13:54.729603","4","2022-10-13 11:13:54.729603","31416",
"<sqlalchemy.orm.state.InstanceState object at 0x7fe2a6970e50>","2","31416/2/2022-10-13 11:14:04.453009","2","2022-10-13 11:14:04.453009","31416",
"<sqlalchemy.orm.state.InstanceState object at 0x7fe2a6970ee0>","3","31416/3/2022-10-13 11:14:14.793891","1","2022-10-13 11:14:14.793891","31416",
"<sqlalchemy.orm.state.InstanceState object at 0x7fe2a6970f70>","4","31416/4/2022-10-13 11:14:26.207784","3","2022-10-13 11:14:26.207784","31416",
"<sqlalchemy.orm.state.InstanceState object at 0x7fe2a6977040>","1","87305/1/2022-10-13 11:50:10.976150","4","2022-10-13 11:50:10.976150","87305",
"<sqlalchemy.orm.state.InstanceState object at 0x7fe2a69770d0>","1","77271/1/2022-10-13 11:50:17.326954","3","2022-10-13 11:50:17.326954","77271",
"<sqlalchemy.orm.state.InstanceState object at 0x7fe2a6977160>","2","77271/2/2022-10-13 11:51:51.378398","1","2022-10-13 11:51:51.378398","77271",
"<sqlalchemy.orm.state.InstanceState object at 0x7fe2a69771f0>","2","87305/2/2022-10-13 11:52:50.853101","3","2022-10-13 11:52:50.853101","87305",
"<sqlalchemy.orm.state.InstanceState object at 0x7fe2a6977280>","3","77271/3/2022-10-13 11:53:02.691945","2","2022-10-13 11:53:02.691945","77271",
"<sqlalchemy.orm.state.InstanceState object at 0x7fe2a6977310>","1","31450/1/2022-10-13 11:53:10.411726","2","2022-10-13 11:53:10.411726","31450",
"<sqlalchemy.orm.state.InstanceState object at 0x7fe2a69773a0>","3","87305/3/2022-10-13 11:54:02.604160","2","2022-10-13 11:54:02.604160","87305",
"<sqlalchemy.orm.state.InstanceState object at 0x7fe2a6977430>","4","77271/4/2022-10-13 11:54:41.803983","4","2022-10-13 11:54:41.803983","77271",
"<sqlalchemy.orm.state.InstanceState object at 0x7fe2a69774c0>","1","50959/1/2022-10-13 11:55:49.847669","4","2022-10-13 11:55:49.847669","50959",
"<sqlalchemy.orm.state.InstanceState object at 0x7fe2a6977550>","1","93333/1/2022-10-13 11:58:17.755442","1","2022-10-13 11:58:17.755442","93333",
"<sqlalchemy.orm.state.InstanceState object at 0x7fe2a69775e0>","2","93333/2/2022-10-13 12:00:53.552108","4","2022-10-13 12:00:53.552108","93333",
"<sqlalchemy.orm.state.InstanceState object at 0x7fe2a6977670>","1","49927/1/2022-10-13 12:01:03.287923","3","2022-10-13 12:01:03.287923","49927",
"<sqlalchemy.orm.state.InstanceState object at 0x7fe2a6977700>","2","49927/2/2022-10-13 12:01:14.554712","4","2022-10-13 12:01:14.554712","49927",
"<sqlalchemy.orm.state.InstanceState object at 0x7fe2a6977790>","3","49927/3/2022-10-13 12:04:03.951469","1","2022-10-13 12:04:03.951469","49927",
"<sqlalchemy.orm.state.InstanceState object at 0x7fe2a6977820>","3","93333/3/2022-10-13 12:04:38.965278","3","2022-10-13 12:04:38.965278","93333",
"<sqlalchemy.orm.state.InstanceState object at 0x7fe2a69778b0>","4","49927/4/2022-10-13 12:04:50.663470","2","2022-10-13 12:04:50.663470","49927",
"<sqlalchemy.orm.state.InstanceState object at 0x7fe2a6977940>","4","93333/4/2022-10-13 12:06:04.070813","2","2022-10-13 12:06:04.070813","93333",
"<sqlalchemy.orm.state.InstanceState object at 0x7fe2a69779d0>","1","64844/1/2022-10-13 12:08:04.508972","4","2022-10-13 12:08:04.508972","64844",
"<sqlalchemy.orm.state.InstanceState object at 0x7fe2a6977a60>","1","13063/1/2022-10-13 12:08:19.714565","4","2022-10-13 12:08:19.714565","13063",
"<sqlalchemy.orm.state.InstanceState object at 0x7fe2a6977af0>","2","13063/2/2022-10-13 12:09:01.704889","3","2022-10-13 12:09:01.704889","13063",
"<sqlalchemy.orm.state.InstanceState object at 0x7fe2a6977b80>","1","64917/1/2022-10-13 12:09:06.498932","2","2022-10-13 12:09:06.498932","64917",
"<sqlalchemy.orm.state.InstanceState object at 0x7fe2a6977c10>","2","64844/2/2022-10-13 12:09:19.033556","1","2022-10-13 12:09:19.033556","64844",
"<sqlalchemy.orm.state.InstanceState object at 0x7fe2a6977ca0>","1","51816/1/2022-10-13 12:09:23.948956","1","2022-10-13 12:09:23.948956","51816",
"<sqlalchemy.orm.state.InstanceState object at 0x7fe2a6977d30>","1","86604/1/2022-10-13 12:09:32.346012","4","2022-10-13 12:09:32.346012","86604",
"<sqlalchemy.orm.state.InstanceState object at 0x7fe2a6977dc0>","3","13063/3/2022-10-13 12:09:46.488470","2","2022-10-13 12:09:46.488470","13063",
"<sqlalchemy.orm.state.InstanceState object at 0x7fe2a6977e50>","3","64844/3/2022-10-13 12:10:06.156784","3","2022-10-13 12:10:06.156784","64844",
"<sqlalchemy.orm.state.InstanceState object at 0x7fe2a6977ee0>","4","13063/4/2022-10-13 12:10:07.423850","1","2022-10-13 12:10:07.423850","13063",
"<sqlalchemy.orm.state.InstanceState object at 0x7fe2a6977f70>","1","66024/1/2022-10-13 12:10:26.175912","4","2022-10-13 12:10:26.175912","66024",
"<sqlalchemy.orm.state.InstanceState object at 0x7fe2a697f040>","2","51816/2/2022-10-13 12:10:34.944325","2","2022-10-13 12:10:34.944325","51816",
"<sqlalchemy.orm.state.InstanceState object at 0x7fe2a697f0d0>","4","64844/4/2022-10-13 12:11:05.099788","2","2022-10-13 12:11:05.099788","64844",
"<sqlalchemy.orm.state.InstanceState object at 0x7fe2a697f160>","2","66024/2/2022-10-13 12:11:12.654623","3","2022-10-13 12:11:12.654623","66024",
"<sqlalchemy.orm.state.InstanceState object at 0x7fe2a697f1f0>","1","24893/1/2022-10-13 12:11:25.773609","4","2022-10-13 12:11:25.773609","24893",
"<sqlalchemy.orm.state.InstanceState object at 0x7fe2a697f280>","3","51816/3/2022-10-13 12:11:41.052319","4","2022-10-13 12:11:41.052319","51816",
"<sqlalchemy.orm.state.InstanceState object at 0x7fe2a697f310>","3","66024/3/2022-10-13 12:11:44.541247","2","2022-10-13 12:11:44.541247","66024",
"<sqlalchemy.orm.state.InstanceState object at 0x7fe2a697f3a0>","4","66024/4/2022-10-13 12:11:54.359324","1","2022-10-13 12:11:54.359324","66024",
"<sqlalchemy.orm.state.InstanceState object at 0x7fe2a697f430>","1","30622/1/2022-10-13 12:12:21.052709","1","2022-10-13 12:12:21.052709","30622",
"<sqlalchemy.orm.state.InstanceState object at 0x7fe2a697f4c0>","2","24893/2/2022-10-13 12:12:25.214224","1","2022-10-13 12:12:25.214224","24893",
"<sqlalchemy.orm.state.InstanceState object at 0x7fe2a697f550>","1","77788/1/2022-10-13 12:12:35.641486","4","2022-10-13 12:12:35.641486","77788",
"<sqlalchemy.orm.state.InstanceState object at 0x7fe2a697f5e0>","2","77788/2/2022-10-13 12:13:06.249347","1","2022-10-13 12:13:06.249347","77788",
"<sqlalchemy.orm.state.InstanceState object at 0x7fe2a697f670>","2","86604/2/2022-10-13 12:13:09.130596","1","2022-10-13 12:13:09.130596","86604",
"<sqlalchemy.orm.state.InstanceState object at 0x7fe2a697f700>","4","51816/4/2022-10-13 12:13:23.245774","3","2022-10-13 12:13:23.245774","51816",
"<sqlalchemy.orm.state.InstanceState object at 0x7fe2a697f790>","2","30622/2/2022-10-13 12:13:41.083189","2","2022-10-13 12:13:41.083189","30622",
"<sqlalchemy.orm.state.InstanceState object at 0x7fe2a697f820>","1","48405/1/2022-10-13 12:13:49.917040","3","2022-10-13 12:13:49.917040","48405",
"<sqlalchemy.orm.state.InstanceState object at 0x7fe2a697f8b0>","1","72315/1/2022-10-13 12:14:11.898847","3","2022-10-13 12:14:11.898847","72315",
"<sqlalchemy.orm.state.InstanceState object at 0x7fe2a697f940>","3","24893/3/2022-10-13 12:15:30.162971","2","2022-10-13 12:15:30.162971","24893",
"<sqlalchemy.orm.state.InstanceState object at 0x7fe2a697f9d0>","3","30622/3/2022-10-13 12:15:31.117350","3","2022-10-13 12:15:31.117350","30622",
"<sqlalchemy.orm.state.InstanceState object at 0x7fe2a697fa60>","1","20217/1/2022-10-13 12:15:37.878023","3","2022-10-13 12:15:37.878023","20217",
"<sqlalchemy.orm.state.InstanceState object at 0x7fe2a697faf0>","2","48405/2/2022-10-13 12:15:39.513398","4","2022-10-13 12:15:39.513398","48405",
"<sqlalchemy.orm.state.InstanceState object at 0x7fe2a697fb80>","3","48405/3/2022-10-13 12:16:00.175488","1","2022-10-13 12:16:00.175488","48405",
"<sqlalchemy.orm.state.InstanceState object at 0x7fe2a697fc10>","4","48405/4/2022-10-13 12:16:26.970147","2","2022-10-13 12:16:26.970147","48405",
"<sqlalchemy.orm.state.InstanceState object at 0x7fe2a697fca0>","4","30622/4/2022-10-13 12:16:49.765810","4","2022-10-13 12:16:49.765810","30622",
"<sqlalchemy.orm.state.InstanceState object at 0x7fe2a697fd30>","2","20217/2/2022-10-13 12:16:53.482137","1","2022-10-13 12:16:53.482137","20217",
"<sqlalchemy.orm.state.InstanceState object at 0x7fe2a697fdc0>","2","72315/2/2022-10-13 12:16:58.191134","1","2022-10-13 12:16:58.191134","72315",
"<sqlalchemy.orm.state.InstanceState object at 0x7fe2a697fe50>","4","24893/4/2022-10-13 12:17:19.318127","3","2022-10-13 12:17:19.318127","24893",
"<sqlalchemy.orm.state.InstanceState object at 0x7fe2a697fee0>","3","20217/3/2022-10-13 12:18:44.484164","4","2022-10-13 12:18:44.484164","20217",
"<sqlalchemy.orm.state.InstanceState object at 0x7fe2a697ff70>","3","86604/3/2022-10-13 12:18:49.329484","2","2022-10-13 12:18:49.329484","86604",
"<sqlalchemy.orm.state.InstanceState object at 0x7fe2a6986040>","3","72315/3/2022-10-13 12:18:55.888945","2","2022-10-13 12:18:55.888945","72315",
"<sqlalchemy.orm.state.InstanceState object at 0x7fe2a69860d0>","1","62540/1/2022-10-13 12:19:23.945037","1","2022-10-13 12:19:23.945037","62540",
"<sqlalchemy.orm.state.InstanceState object at 0x7fe2a6986160>","1","88714/1/2022-10-13 12:19:53.229211","1","2022-10-13 12:19:53.229211","88714",
"<sqlalchemy.orm.state.InstanceState object at 0x7fe2a69861f0>","1","15142/1/2022-10-13 12:20:01.664192","3","2022-10-13 12:20:01.664192","15142",
"<sqlalchemy.orm.state.InstanceState object at 0x7fe2a6986280>","1","47887/1/2022-10-13 12:20:11.759724","3","2022-10-13 12:20:11.759724","47887",
"<sqlalchemy.orm.state.InstanceState object at 0x7fe2a6986310>","1","68122/1/2022-10-13 12:20:15.807146","1","2022-10-13 12:20:15.807146","68122",
"<sqlalchemy.orm.state.InstanceState object at 0x7fe2a69863a0>","4","20217/4/2022-10-13 12:20:47.315578","2","2022-10-13 12:20:47.315578","20217",
"<sqlalchemy.orm.state.InstanceState object at 0x7fe2a6986430>","2","62540/2/2022-10-13 12:21:15.453397","3","2022-10-13 12:21:15.453397","62540",
"<sqlalchemy.orm.state.InstanceState object at 0x7fe2a69864c0>","4","72315/4/2022-10-13 12:21:29.796077","4","2022-10-13 12:21:29.796077","72315",
"<sqlalchemy.orm.state.InstanceState object at 0x7fe2a6986550>","2","88714/2/2022-10-13 12:21:32.408029","4","2022-10-13 12:21:32.408029","88714",
"<sqlalchemy.orm.state.InstanceState object at 0x7fe2a69865e0>","2","68122/2/2022-10-13 12:21:42.064857","3","2022-10-13 12:21:42.064857","68122",
"<sqlalchemy.orm.state.InstanceState object at 0x7fe2a6986670>","2","15142/2/2022-10-13 12:22:10.151415","1","2022-10-13 12:22:10.151415","15142",
"<sqlalchemy.orm.state.InstanceState object at 0x7fe2a6986700>","1","16635/1/2022-10-13 12:22:11.043409","3","2022-10-13 12:22:11.043409","16635",
"<sqlalchemy.orm.state.InstanceState object at 0x7fe2a6986790>","1","19785/1/2022-10-13 12:22:16.416827","4","2022-10-13 12:22:16.416827","19785",
"<sqlalchemy.orm.state.InstanceState object at 0x7fe2a6986820>","2","16635/2/2022-10-13 12:22:35.060885","2","2022-10-13 12:22:35.060885","16635",
"<sqlalchemy.orm.state.InstanceState object at 0x7fe2a69868b0>","3","68122/3/2022-10-13 12:22:36.403783","4","2022-10-13 12:22:36.403783","68122",
"<sqlalchemy.orm.state.InstanceState object at 0x7fe2a6986940>","3","16635/3/2022-10-13 12:22:55.798825","1","2022-10-13 12:22:55.798825","16635",
"<sqlalchemy.orm.state.InstanceState object at 0x7fe2a69869d0>","4","16635/4/2022-10-13 12:23:06.662481","4","2022-10-13 12:23:06.662481","16635",
"<sqlalchemy.orm.state.InstanceState object at 0x7fe2a6986a60>","3","62540/3/2022-10-13 12:23:10.965746","2","2022-10-13 12:23:10.965746","62540",
"<sqlalchemy.orm.state.InstanceState object at 0x7fe2a6986af0>","2","19785/2/2022-10-13 12:23:33.898778","3","2022-10-13 12:23:33.898778","19785",
"<sqlalchemy.orm.state.InstanceState object at 0x7fe2a6986b80>","3","15142/3/2022-10-13 12:23:43.181872","2","2022-10-13 12:23:43.181872","15142",
"<sqlalchemy.orm.state.InstanceState object at 0x7fe2a6986c10>","4","68122/4/2022-10-13 12:24:38.856981","2","2022-10-13 12:24:38.856981","68122",
"<sqlalchemy.orm.state.InstanceState object at 0x7fe2a6986ca0>","3","19785/3/2022-10-13 12:24:42.500387","1","2022-10-13 12:24:42.500387","19785",
"<sqlalchemy.orm.state.InstanceState object at 0x7fe2a6986d30>","1","83224/1/2022-10-13 12:24:51.103199","4","2022-10-13 12:24:51.103199","83224",
"<sqlalchemy.orm.state.InstanceState object at 0x7fe2a6986dc0>","4","19785/4/2022-10-13 12:25:29.466627","2","2022-10-13 12:25:29.466627","19785",
"<sqlalchemy.orm.state.InstanceState object at 0x7fe2a6986e50>","2","83224/2/2022-10-13 12:25:31.791028","3","2022-10-13 12:25:31.791028","83224",
"<sqlalchemy.orm.state.InstanceState object at 0x7fe2a6986ee0>","4","62540/4/2022-10-13 12:25:43.670015","4","2022-10-13 12:25:43.670015","62540",
"<sqlalchemy.orm.state.InstanceState object at 0x7fe2a6986f70>","1","50922/1/2022-10-13 12:25:52.633812","1","2022-10-13 12:25:52.633812","50922",
"<sqlalchemy.orm.state.InstanceState object at 0x7fe2a65d0040>","3","83224/3/2022-10-13 12:26:02.080208","2","2022-10-13 12:26:02.080208","83224",
"<sqlalchemy.orm.state.InstanceState object at 0x7fe2a65d00d0>","4","15142/4/2022-10-13 12:26:11.707891","4","2022-10-13 12:26:11.707891","15142",
"<sqlalchemy.orm.state.InstanceState object at 0x7fe2a65d0160>","4","83224/4/2022-10-13 12:26:36.159308","1","2022-10-13 12:26:36.159308","83224",
"<sqlalchemy.orm.state.InstanceState object at 0x7fe2a65d01f0>","1","30064/1/2022-10-13 12:27:14.057232","2","2022-10-13 12:27:14.057232","30064",
"<sqlalchemy.orm.state.InstanceState object at 0x7fe2a65d0280>","1","41731/1/2022-10-13 12:27:22.897737","2","2022-10-13 12:27:22.897737","41731",
"<sqlalchemy.orm.state.InstanceState object at 0x7fe2a65d0310>","4","86604/4/2022-10-13 12:28:04.346574","3","2022-10-13 12:28:04.346574","86604",
"<sqlalchemy.orm.state.InstanceState object at 0x7fe2a65d03a0>","2","50922/2/2022-10-13 12:28:44.453692","2","2022-10-13 12:28:44.453692","50922",
"<sqlalchemy.orm.state.InstanceState object at 0x7fe2a65d0430>","1","70825/1/2022-10-13 12:28:57.873145","3","2022-10-13 12:28:57.873145","70825",
"<sqlalchemy.orm.state.InstanceState object at 0x7fe2a65d04c0>","1","32332/1/2022-10-13 12:29:38.313028","3","2022-10-13 12:29:38.313028","32332",
"<sqlalchemy.orm.state.InstanceState object at 0x7fe2a65d0550>","2","70825/2/2022-10-13 12:29:46.198955","1","2022-10-13 12:29:46.198955","70825",
"<sqlalchemy.orm.state.InstanceState object at 0x7fe2a65d05e0>","1","17779/1/2022-10-13 12:29:47.303696","1","2022-10-13 12:29:47.303696","17779",
"<sqlalchemy.orm.state.InstanceState object at 0x7fe2a65d0670>","1","57601/1/2022-10-13 12:30:14.520192","4","2022-10-13 12:30:14.520192","57601",
"<sqlalchemy.orm.state.InstanceState object at 0x7fe2a65d0700>","2","30064/2/2022-10-13 12:30:20.578751","3","2022-10-13 12:30:20.578751","30064",
"<sqlalchemy.orm.state.InstanceState object at 0x7fe2a65d0790>","2","32332/2/2022-10-13 12:31:09.081766","2","2022-10-13 12:31:09.081766","32332",
"<sqlalchemy.orm.state.InstanceState object at 0x7fe2a65d0820>","3","70825/3/2022-10-13 12:31:23.261534","4","2022-10-13 12:31:23.261534","70825",
"<sqlalchemy.orm.state.InstanceState object at 0x7fe2a65d08b0>","3","50922/3/2022-10-13 12:31:56.198951","4","2022-10-13 12:31:56.198951","50922",
"<sqlalchemy.orm.state.InstanceState object at 0x7fe2a65d0940>","1","31609/1/2022-10-13 12:32:05.968142","2","2022-10-13 12:32:05.968142","31609",
"<sqlalchemy.orm.state.InstanceState object at 0x7fe2a65d09d0>","3","30064/3/2022-10-13 12:32:08.227788","4","2022-10-13 12:32:08.227788","30064",
"<sqlalchemy.orm.state.InstanceState object at 0x7fe2a65d0a60>","1","64321/1/2022-10-13 12:32:22.184856","3","2022-10-13 12:32:22.184856","64321",
"<sqlalchemy.orm.state.InstanceState object at 0x7fe2a65d0af0>","4","70825/4/2022-10-13 12:32:34.642873","2","2022-10-13 12:32:34.642873","70825",
"<sqlalchemy.orm.state.InstanceState object at 0x7fe2a65d0b80>","1","16826/1/2022-10-13 12:32:46.168109","4","2022-10-13 12:32:46.168109","16826",
"<sqlalchemy.orm.state.InstanceState object at 0x7fe2a65d0c10>","2","31609/2/2022-10-13 12:33:03.840561","1","2022-10-13 12:33:03.840561","31609",
"<sqlalchemy.orm.state.InstanceState object at 0x7fe2a65d0ca0>","3","31609/3/2022-10-13 12:33:12.802843","4","2022-10-13 12:33:12.802843","31609",
"<sqlalchemy.orm.state.InstanceState object at 0x7fe2a65d0d30>","4","31609/4/2022-10-13 12:33:23.613022","3","2022-10-13 12:33:23.613022","31609",
"<sqlalchemy.orm.state.InstanceState object at 0x7fe2a65d0dc0>","3","32332/3/2022-10-13 12:33:41.689603","4","2022-10-13 12:33:41.689603","32332",
"<sqlalchemy.orm.state.InstanceState object at 0x7fe2a65d0e50>","2","16826/2/2022-10-13 12:33:53.022186","2","2022-10-13 12:33:53.022186","16826",
"<sqlalchemy.orm.state.InstanceState object at 0x7fe2a65d0ee0>","1","74273/1/2022-10-13 12:33:54.619614","4","2022-10-13 12:33:54.619614","74273",
"<sqlalchemy.orm.state.InstanceState object at 0x7fe2a65d0f70>","2","64321/2/2022-10-13 12:34:06.944691","1","2022-10-13 12:34:06.944691","64321",
"<sqlalchemy.orm.state.InstanceState object at 0x7fe2a65d8040>","4","30064/4/2022-10-13 12:34:14.015161","1","2022-10-13 12:34:14.015161","30064",
"<sqlalchemy.orm.state.InstanceState object at 0x7fe2a65d80d0>","3","16826/3/2022-10-13 12:34:30.154750","1","2022-10-13 12:34:30.154750","16826",
"<sqlalchemy.orm.state.InstanceState object at 0x7fe2a65d8160>","1","49430/1/2022-10-13 12:34:58.787302","4","2022-10-13 12:34:58.787302","49430",
"<sqlalchemy.orm.state.InstanceState object at 0x7fe2a65d81f0>","4","16826/4/2022-10-13 12:35:01.701009","3","2022-10-13 12:35:01.701009","16826",
"<sqlalchemy.orm.state.InstanceState object at 0x7fe2a65d8280>","3","64321/3/2022-10-13 12:35:53.643312","2","2022-10-13 12:35:53.643312","64321",
"<sqlalchemy.orm.state.InstanceState object at 0x7fe2a65d8310>","4","32332/4/2022-10-13 12:35:57.435867","1","2022-10-13 12:35:57.435867","32332",
"<sqlalchemy.orm.state.InstanceState object at 0x7fe2a65d83a0>","1","87613/1/2022-10-13 12:35:58.504127","3","2022-10-13 12:35:58.504127","87613",
"<sqlalchemy.orm.state.InstanceState object at 0x7fe2a65d8430>","2","74273/2/2022-10-13 12:36:09.917287","3","2022-10-13 12:36:09.917287","74273",
"<sqlalchemy.orm.state.InstanceState object at 0x7fe2a65d84c0>","1","85894/1/2022-10-13 12:36:34.879279","1","2022-10-13 12:36:34.879279","85894",
"<sqlalchemy.orm.state.InstanceState object at 0x7fe2a65d8550>","4","50922/4/2022-10-13 12:36:36.959704","3","2022-10-13 12:36:36.959704","50922",
"<sqlalchemy.orm.state.InstanceState object at 0x7fe2a65d85e0>","1","61940/1/2022-10-13 12:36:45.004940","1","2022-10-13 12:36:45.004940","61940",
"<sqlalchemy.orm.state.InstanceState object at 0x7fe2a65d8670>","2","85894/2/2022-10-13 12:36:48.591559","2","2022-10-13 12:36:48.591559","85894",
"<sqlalchemy.orm.state.InstanceState object at 0x7fe2a65d8700>","3","85894/3/2022-10-13 12:36:59.738858","3","2022-10-13 12:36:59.738858","85894",
"<sqlalchemy.orm.state.InstanceState object at 0x7fe2a65d8790>","1","32563/1/2022-10-13 12:37:01.203436","4","2022-10-13 12:37:01.203436","32563",
"<sqlalchemy.orm.state.InstanceState object at 0x7fe2a65d8820>","4","64321/4/2022-10-13 12:37:01.528550","4","2022-10-13 12:37:01.528550","64321",
"<sqlalchemy.orm.state.InstanceState object at 0x7fe2a65d88b0>","4","85894/4/2022-10-13 12:37:16.383135","4","2022-10-13 12:37:16.383135","85894",
"<sqlalchemy.orm.state.InstanceState object at 0x7fe2a65d8940>","1","27392/1/2022-10-13 12:37:41.441097","3","2022-10-13 12:37:41.441097","27392",
"<sqlalchemy.orm.state.InstanceState object at 0x7fe2a65d89d0>","3","74273/3/2022-10-13 12:38:02.686273","2","2022-10-13 12:38:02.686273","74273",
"<sqlalchemy.orm.state.InstanceState object at 0x7fe2a65d8a60>","2","61940/2/2022-10-13 12:38:27.415256","3","2022-10-13 12:38:27.415256","61940",
"<sqlalchemy.orm.state.InstanceState object at 0x7fe2a65d8af0>","2","32563/2/2022-10-13 12:38:28.943659","2","2022-10-13 12:38:28.943659","32563",
"<sqlalchemy.orm.state.InstanceState object at 0x7fe2a65d8b80>","1","79728/1/2022-10-13 12:38:54.059344","2","2022-10-13 12:38:54.059344","79728",
"<sqlalchemy.orm.state.InstanceState object at 0x7fe2a65d8c10>","2","27392/2/2022-10-13 12:39:05.847046","1","2022-10-13 12:39:05.847046","27392",
"<sqlalchemy.orm.state.InstanceState object at 0x7fe2a65d8ca0>","1","25552/1/2022-10-13 12:39:10.059708","4","2022-10-13 12:39:10.059708","25552",
"<sqlalchemy.orm.state.InstanceState object at 0x7fe2a65d8d30>","1","76571/1/2022-10-13 12:39:37.078652","2","2022-10-13 12:39:37.078652","76571",
"<sqlalchemy.orm.state.InstanceState object at 0x7fe2a65d8dc0>","2","79728/2/2022-10-13 12:39:41.743532","3","2022-10-13 12:39:41.743532","79728",
"<sqlalchemy.orm.state.InstanceState object at 0x7fe2a65d8e50>","4","74273/4/2022-10-13 12:39:57.060907","1","2022-10-13 12:39:57.060907","74273",
"<sqlalchemy.orm.state.InstanceState object at 0x7fe2a65d8ee0>","3","32563/3/2022-10-13 12:40:03.837120","3","2022-10-13 12:40:03.837120","32563",
"<sqlalchemy.orm.state.InstanceState object at 0x7fe2a65d8f70>","3","79728/3/2022-10-13 12:40:04.986304","1","2022-10-13 12:40:04.986304","79728",
"<sqlalchemy.orm.state.InstanceState object at 0x7fe2a65e0040>","4","79728/4/2022-10-13 12:40:22.242373","4","2022-10-13 12:40:22.242373","79728",
"<sqlalchemy.orm.state.InstanceState object at 0x7fe2a65e00d0>","4","32563/4/2022-10-13 12:40:49.322224","1","2022-10-13 12:40:49.322224","32563",
"<sqlalchemy.orm.state.InstanceState object at 0x7fe2a65e0160>","1","61516/1/2022-10-13 12:40:55.141897","3","2022-10-13 12:40:55.141897","61516",
"<sqlalchemy.orm.state.InstanceState object at 0x7fe2a65e01f0>","1","69882/1/2022-10-13 12:41:15.362043","4","2022-10-13 12:41:15.362043","69882",
"<sqlalchemy.orm.state.InstanceState object at 0x7fe2a65e0280>","3","61940/3/2022-10-13 12:41:18.230321","2","2022-10-13 12:41:18.230321","61940",
"<sqlalchemy.orm.state.InstanceState object at 0x7fe2a65e0310>","3","27392/3/2022-10-13 12:41:56.946503","4","2022-10-13 12:41:56.946503","27392",
"<sqlalchemy.orm.state.InstanceState object at 0x7fe2a65e03a0>","1","45773/1/2022-10-13 12:42:49.866722","3","2022-10-13 12:42:49.866722","45773",
"<sqlalchemy.orm.state.InstanceState object at 0x7fe2a65e0430>","1","65268/1/2022-10-13 12:42:59.853302","3","2022-10-13 12:42:59.853302","65268",
"<sqlalchemy.orm.state.InstanceState object at 0x7fe2a65e04c0>","2","65268/2/2022-10-13 12:43:34.421511","4","2022-10-13 12:43:34.421511","65268",
"<sqlalchemy.orm.state.InstanceState object at 0x7fe2a65e0550>","1","59604/1/2022-10-13 12:43:42.371503","3","2022-10-13 12:43:42.371503","59604",
"<sqlalchemy.orm.state.InstanceState object at 0x7fe2a65e05e0>","3","65268/3/2022-10-13 12:43:51.368908","2","2022-10-13 12:43:51.368908","65268",
"<sqlalchemy.orm.state.InstanceState object at 0x7fe2a65e0670>","4","27392/4/2022-10-13 12:43:51.898781","2","2022-10-13 12:43:51.898781","27392",
"<sqlalchemy.orm.state.InstanceState object at 0x7fe2a65e0700>","4","65268/4/2022-10-13 12:44:16.967416","1","2022-10-13 12:44:16.967416","65268",
"<sqlalchemy.orm.state.InstanceState object at 0x7fe2a65e0790>","2","59604/2/2022-10-13 12:44:21.766477","1","2022-10-13 12:44:21.766477","59604",
"<sqlalchemy.orm.state.InstanceState object at 0x7fe2a65e0820>","1","15661/1/2022-10-13 12:44:27.460242","1","2022-10-13 12:44:27.460242","15661",
"<sqlalchemy.orm.state.InstanceState object at 0x7fe2a65e08b0>","1","52107/1/2022-10-13 12:44:32.252987","1","2022-10-13 12:44:32.252987","52107",
"<sqlalchemy.orm.state.InstanceState object at 0x7fe2a65e0940>","4","61940/4/2022-10-13 12:44:41.962409","4","2022-10-13 12:44:41.962409","61940",
"<sqlalchemy.orm.state.InstanceState object at 0x7fe2a65e09d0>","3","59604/3/2022-10-13 12:44:45.982040","4","2022-10-13 12:44:45.982040","59604",
"<sqlalchemy.orm.state.InstanceState object at 0x7fe2a65e0a60>","2","45773/2/2022-10-13 12:45:00.234669","1","2022-10-13 12:45:00.234669","45773",
"<sqlalchemy.orm.state.InstanceState object at 0x7fe2a65e0af0>","4","59604/4/2022-10-13 12:45:20.691701","2","2022-10-13 12:45:20.691701","59604",
"<sqlalchemy.orm.state.InstanceState object at 0x7fe2a65e0b80>","1","91320/1/2022-10-13 12:45:31.994915","1","2022-10-13 12:45:31.994915","91320",
"<sqlalchemy.orm.state.InstanceState object at 0x7fe2a65e0c10>","2","15661/2/2022-10-13 12:45:56.118841","2","2022-10-13 12:45:56.118841","15661",
"<sqlalchemy.orm.state.InstanceState object at 0x7fe2a65e0ca0>","2","52107/2/2022-10-13 12:45:59.358859","3","2022-10-13 12:45:59.358859","52107",
"<sqlalchemy.orm.state.InstanceState object at 0x7fe2a65e0d30>","1","99763/1/2022-10-13 12:46:08.495075","4","2022-10-13 12:46:08.495075","99763",
"<sqlalchemy.orm.state.InstanceState object at 0x7fe2a65e0dc0>","3","15661/3/2022-10-13 12:46:12.081464","3","2022-10-13 12:46:12.081464","15661",
"<sqlalchemy.orm.state.InstanceState object at 0x7fe2a65e0e50>","1","47332/1/2022-10-13 12:46:43.811842","3","2022-10-13 12:46:43.811842","47332",
"<sqlalchemy.orm.state.InstanceState object at 0x7fe2a65e0ee0>","4","15661/4/2022-10-13 12:46:51.684825","4","2022-10-13 12:46:51.684825","15661",
"<sqlalchemy.orm.state.InstanceState object at 0x7fe2a65e0f70>","1","14893/1/2022-10-13 12:46:58.585692","2","2022-10-13 12:46:58.585692","14893",
"<sqlalchemy.orm.state.InstanceState object at 0x7fe2a65e7040>","2","91320/2/2022-10-13 12:47:06.547092","3","2022-10-13 12:47:06.547092","91320",
"<sqlalchemy.orm.state.InstanceState object at 0x7fe2a65e70d0>","2","47332/2/2022-10-13 12:47:10.628217","1","2022-10-13 12:47:10.628217","47332",
"<sqlalchemy.orm.state.InstanceState object at 0x7fe2a65e7160>","3","52107/3/2022-10-13 12:47:12.143022","4","2022-10-13 12:47:12.143022","52107",
"<sqlalchemy.orm.state.InstanceState object at 0x7fe2a65e71f0>","3","47332/3/2022-10-13 12:47:30.294261","4","2022-10-13 12:47:30.294261","47332",
"<sqlalchemy.orm.state.InstanceState object at 0x7fe2a65e7280>","4","47332/4/2022-10-13 12:47:39.088417","2","2022-10-13 12:47:39.088417","47332",
"<sqlalchemy.orm.state.InstanceState object at 0x7fe2a65e7310>","1","19982/1/2022-10-13 12:47:41.804115","4","2022-10-13 12:47:41.804115","19982",
"<sqlalchemy.orm.state.InstanceState object at 0x7fe2a65e73a0>","2","25552/2/2022-10-13 12:47:43.046530","3","2022-10-13 12:47:43.046530","25552",
"<sqlalchemy.orm.state.InstanceState object at 0x7fe2a65e7430>","3","45773/3/2022-10-13 12:48:19.542691","4","2022-10-13 12:48:19.542691","45773",
"<sqlalchemy.orm.state.InstanceState object at 0x7fe2a65e74c0>","1","13966/1/2022-10-13 12:48:30.649959","2","2022-10-13 12:48:30.649959","13966",
"<sqlalchemy.orm.state.InstanceState object at 0x7fe2a65e7550>","1","63996/1/2022-10-13 12:49:03.590999","4","2022-10-13 12:49:03.590999","63996",
"<sqlalchemy.orm.state.InstanceState object at 0x7fe2a65e75e0>","2","14893/2/2022-10-13 12:49:18.275548","4","2022-10-13 12:49:18.275548","14893",
"<sqlalchemy.orm.state.InstanceState object at 0x7fe2a65e7670>","2","13966/2/2022-10-13 12:49:25.002854","4","2022-10-13 12:49:25.002854","13966",
"<sqlalchemy.orm.state.InstanceState object at 0x7fe2a65e7700>","4","52107/4/2022-10-13 12:49:29.131760","2","2022-10-13 12:49:29.131760","52107",
"<sqlalchemy.orm.state.InstanceState object at 0x7fe2a65e7790>","1","63392/1/2022-10-13 12:49:47.313827","4","2022-10-13 12:49:47.313827","63392",
"<sqlalchemy.orm.state.InstanceState object at 0x7fe2a65e7820>","3","14893/3/2022-10-13 12:49:57.461281","3","2022-10-13 12:49:57.461281","14893",
"<sqlalchemy.orm.state.InstanceState object at 0x7fe2a65e78b0>","3","13966/3/2022-10-13 12:50:05.551705","3","2022-10-13 12:50:05.551705","13966",
"<sqlalchemy.orm.state.InstanceState object at 0x7fe2a65e7940>","3","91320/3/2022-10-13 12:50:12.460583","2","2022-10-13 12:50:12.460583","91320",
"<sqlalchemy.orm.state.InstanceState object at 0x7fe2a65e79d0>","4","13966/4/2022-10-13 12:50:20.787503","1","2022-10-13 12:50:20.787503","13966",
"<sqlalchemy.orm.state.InstanceState object at 0x7fe2a65e7a60>","4","14893/4/2022-10-13 12:50:30.371033","1","2022-10-13 12:50:30.371033","14893",
"<sqlalchemy.orm.state.InstanceState object at 0x7fe2a65e7af0>","1","21483/1/2022-10-13 12:50:35.398950","1","2022-10-13 12:50:35.398950","21483",
"<sqlalchemy.orm.state.InstanceState object at 0x7fe2a65e7b80>","2","19982/2/2022-10-13 12:50:37.008086","2","2022-10-13 12:50:37.008086","19982",
"<sqlalchemy.orm.state.InstanceState object at 0x7fe2a65e7c10>","1","69393/1/2022-10-13 12:51:01.097912","4","2022-10-13 12:51:01.097912","69393",
"<sqlalchemy.orm.state.InstanceState object at 0x7fe2a65e7ca0>","2","63392/2/2022-10-13 12:51:53.011028","1","2022-10-13 12:51:53.011028","63392",
"<sqlalchemy.orm.state.InstanceState object at 0x7fe2a65e7d30>","4","45773/4/2022-10-13 12:52:01.524829","2","2022-10-13 12:52:01.524829","45773",
"<sqlalchemy.orm.state.InstanceState object at 0x7fe2a65e7dc0>","3","25552/3/2022-10-13 12:52:09.881368","2","2022-10-13 12:52:09.881368","25552",
"<sqlalchemy.orm.state.InstanceState object at 0x7fe2a65e7e50>","1","60727/1/2022-10-13 12:52:11.568874","2","2022-10-13 12:52:11.568874","60727",
"<sqlalchemy.orm.state.InstanceState object at 0x7fe2a65e7ee0>","2","60727/2/2022-10-13 12:52:28.734274","3","2022-10-13 12:52:28.734274","60727",
"<sqlalchemy.orm.state.InstanceState object at 0x7fe2a65e7f70>","2","21483/2/2022-10-13 12:52:35.653946","4","2022-10-13 12:52:35.653946","21483",
"<sqlalchemy.orm.state.InstanceState object at 0x7fe2a65ef040>","3","63392/3/2022-10-13 12:52:40.056300","2","2022-10-13 12:52:40.056300","63392",
"<sqlalchemy.orm.state.InstanceState object at 0x7fe2a65ef0d0>","3","60727/3/2022-10-13 12:53:09.783090","4","2022-10-13 12:53:09.783090","60727",
"<sqlalchemy.orm.state.InstanceState object at 0x7fe2a65ef160>","4","91320/4/2022-10-13 12:53:15.151287","4","2022-10-13 12:53:15.151287","91320",
"<sqlalchemy.orm.state.InstanceState object at 0x7fe2a65ef1f0>","4","60727/4/2022-10-13 12:53:52.660579","1","2022-10-13 12:53:52.660579","60727",
"<sqlalchemy.orm.state.InstanceState object at 0x7fe2a65ef280>","1","86461/1/2022-10-13 12:53:55.223430","2","2022-10-13 12:53:55.223430","86461",
"<sqlalchemy.orm.state.InstanceState object at 0x7fe2a65ef310>","4","63392/4/2022-10-13 12:54:11.931391","3","2022-10-13 12:54:11.931391","63392",
"<sqlalchemy.orm.state.InstanceState object at 0x7fe2a65ef3a0>","3","21483/3/2022-10-13 12:54:30.810034","3","2022-10-13 12:54:30.810034","21483",
"<sqlalchemy.orm.state.InstanceState object at 0x7fe2a65ef430>","3","19982/3/2022-10-13 12:55:14.717233","3","2022-10-13 12:55:14.717233","19982",
"<sqlalchemy.orm.state.InstanceState object at 0x7fe2a65ef4c0>","2","86461/2/2022-10-13 12:56:04.640504","3","2022-10-13 12:56:04.640504","86461",
"<sqlalchemy.orm.state.InstanceState object at 0x7fe2a65ef550>","4","19982/4/2022-10-13 12:56:22.386526","1","2022-10-13 12:56:22.386526","19982",
"<sqlalchemy.orm.state.InstanceState object at 0x7fe2a65ef5e0>","2","69393/2/2022-10-13 12:56:40.401559","1","2022-10-13 12:56:40.401559","69393",
"<sqlalchemy.orm.state.InstanceState object at 0x7fe2a65ef670>","3","86461/3/2022-10-13 12:57:16.986061","1","2022-10-13 12:57:16.986061","86461",
"<sqlalchemy.orm.state.InstanceState object at 0x7fe2a65ef700>","4","21483/4/2022-10-13 12:58:04.255979","2","2022-10-13 12:58:04.255979","21483",
"<sqlalchemy.orm.state.InstanceState object at 0x7fe2a65ef790>","4","86461/4/2022-10-13 12:59:43.930465","4","2022-10-13 12:59:43.930465","86461",
"<sqlalchemy.orm.state.InstanceState object at 0x7fe2a65ef820>","3","69393/3/2022-10-13 13:00:22.073822","3","2022-10-13 13:00:22.073822","69393",
"<sqlalchemy.orm.state.InstanceState object at 0x7fe2a65ef8b0>","4","25552/4/2022-10-13 13:01:29.881108","1","2022-10-13 13:01:29.881108","25552",
"<sqlalchemy.orm.state.InstanceState object at 0x7fe2a65ef940>","4","69393/4/2022-10-13 13:01:46.195135","2","2022-10-13 13:01:46.195135","69393",
"<sqlalchemy.orm.state.InstanceState object at 0x7fe2a65ef9d0>","1","29330/1/2022-10-13 13:02:44.081068","3","2022-10-13 13:02:44.081068","29330",
"<sqlalchemy.orm.state.InstanceState object at 0x7fe2a65efa60>","1","69449/1/2022-10-13 13:03:09.414650","2","2022-10-13 13:03:09.414650","69449",
"<sqlalchemy.orm.state.InstanceState object at 0x7fe2a65efaf0>","1","90202/1/2022-10-13 13:03:18.750831","4","2022-10-13 13:03:18.750831","90202",
"<sqlalchemy.orm.state.InstanceState object at 0x7fe2a65efb80>","2","29330/2/2022-10-13 13:03:18.741205","2","2022-10-13 13:03:18.741205","29330",
"<sqlalchemy.orm.state.InstanceState object at 0x7fe2a65efc10>","3","29330/3/2022-10-13 13:03:32.932480","1","2022-10-13 13:03:32.932480","29330",
"<sqlalchemy.orm.state.InstanceState object at 0x7fe2a65efca0>","4","29330/4/2022-10-13 13:03:42.029872","4","2022-10-13 13:03:42.029872","29330",
"<sqlalchemy.orm.state.InstanceState object at 0x7fe2a65efd30>","2","90202/2/2022-10-13 13:04:28.633815","2","2022-10-13 13:04:28.633815","90202",
"<sqlalchemy.orm.state.InstanceState object at 0x7fe2a65efdc0>","3","90202/3/2022-10-13 13:05:40.399705","1","2022-10-13 13:05:40.399705","90202",
"<sqlalchemy.orm.state.InstanceState object at 0x7fe2a65efe50>","1","55167/1/2022-10-13 13:05:52.050811","4","2022-10-13 13:05:52.050811","55167",
"<sqlalchemy.orm.state.InstanceState object at 0x7fe2a65efee0>","2","55167/2/2022-10-13 13:06:12.955488","2","2022-10-13 13:06:12.955488","55167",
"<sqlalchemy.orm.state.InstanceState object at 0x7fe2a65eff70>","1","48350/1/2022-10-13 13:06:27.379555","4","2022-10-13 13:06:27.379555","48350",
"<sqlalchemy.orm.state.InstanceState object at 0x7fe2a65f9040>","3","55167/3/2022-10-13 13:06:28.050684","1","2022-10-13 13:06:28.050684","55167",
"<sqlalchemy.orm.state.InstanceState object at 0x7fe2a65f90d0>","4","90202/4/2022-10-13 13:06:41.486843","3","2022-10-13 13:06:41.486843","90202",
"<sqlalchemy.orm.state.InstanceState object at 0x7fe2a65f9160>","4","55167/4/2022-10-13 13:06:44.268727","3","2022-10-13 13:06:44.268727","55167",
"<sqlalchemy.orm.state.InstanceState object at 0x7fe2a65f91f0>","1","41855/1/2022-10-13 13:06:52.989609","3","2022-10-13 13:06:52.989609","41855",
"<sqlalchemy.orm.state.InstanceState object at 0x7fe2a65f9280>","1","61670/1/2022-10-13 13:07:41.060070","1","2022-10-13 13:07:41.060070","61670",
"<sqlalchemy.orm.state.InstanceState object at 0x7fe2a65f9310>","2","48350/2/2022-10-13 13:07:43.627627","2","2022-10-13 13:07:43.627627","48350",
"<sqlalchemy.orm.state.InstanceState object at 0x7fe2a65f93a0>","3","48350/3/2022-10-13 13:10:15.191431","1","2022-10-13 13:10:15.191431","48350",
"<sqlalchemy.orm.state.InstanceState object at 0x7fe2a65f9430>","4","48350/4/2022-10-13 13:10:33.817215","3","2022-10-13 13:10:33.817215","48350",
"<sqlalchemy.orm.state.InstanceState object at 0x7fe2a65f94c0>","2","41855/2/2022-10-13 13:10:35.343693","2","2022-10-13 13:10:35.343693","41855",
"<sqlalchemy.orm.state.InstanceState object at 0x7fe2a65f9550>","1","60240/1/2022-10-13 13:12:21.837787","4","2022-10-13 13:12:21.837787","60240",
"<sqlalchemy.orm.state.InstanceState object at 0x7fe2a65f95e0>","2","60240/2/2022-10-13 13:13:52.147867","3","2022-10-13 13:13:52.147867","60240",
"<sqlalchemy.orm.state.InstanceState object at 0x7fe2a65f9670>","1","15224/1/2022-10-13 13:14:01.150506","2","2022-10-13 13:14:01.150506","15224",
"<sqlalchemy.orm.state.InstanceState object at 0x7fe2a65f9700>","3","60240/3/2022-10-13 13:14:22.870297","1","2022-10-13 13:14:22.870297","60240",
"<sqlalchemy.orm.state.InstanceState object at 0x7fe2a65f9790>","4","60240/4/2022-10-13 13:14:30.611796","2","2022-10-13 13:14:30.611796","60240",
"<sqlalchemy.orm.state.InstanceState object at 0x7fe2a65f9820>","2","15224/2/2022-10-13 13:15:08.984870","4","2022-10-13 13:15:08.984870","15224",
"<sqlalchemy.orm.state.InstanceState object at 0x7fe2a65f98b0>","3","41855/3/2022-10-13 13:15:21.364190","1","2022-10-13 13:15:21.364190","41855",
"<sqlalchemy.orm.state.InstanceState object at 0x7fe2a65f9940>","1","90323/1/2022-10-13 13:16:05.376456","3","2022-10-13 13:16:05.376456","90323",
"<sqlalchemy.orm.state.InstanceState object at 0x7fe2a65f99d0>","2","90323/2/2022-10-13 13:16:24.388596","1","2022-10-13 13:16:24.388596","90323",
"<sqlalchemy.orm.state.InstanceState object at 0x7fe2a65f9a60>","1","50839/1/2022-10-13 13:16:25.607691","4","2022-10-13 13:16:25.607691","50839",
"<sqlalchemy.orm.state.InstanceState object at 0x7fe2a65f9af0>","3","15224/3/2022-10-13 13:17:11.561932","3","2022-10-13 13:17:11.561932","15224",
"<sqlalchemy.orm.state.InstanceState object at 0x7fe2a65f9b80>","4","41855/4/2022-10-13 13:17:13.151380","4","2022-10-13 13:17:13.151380","41855",
"<sqlalchemy.orm.state.InstanceState object at 0x7fe2a65f9c10>","3","90323/3/2022-10-13 13:17:26.954743","4","2022-10-13 13:17:26.954743","90323",
"<sqlalchemy.orm.state.InstanceState object at 0x7fe2a65f9ca0>","4","15224/4/2022-10-13 13:17:49.465980","1","2022-10-13 13:17:49.465980","15224",
"<sqlalchemy.orm.state.InstanceState object at 0x7fe2a65f9d30>","4","90323/4/2022-10-13 13:17:54.169183","2","2022-10-13 13:17:54.169183","90323",
"<sqlalchemy.orm.state.InstanceState object at 0x7fe2a65f9dc0>","1","31863/1/2022-10-13 13:19:12.022469","3","2022-10-13 13:19:12.022469","31863",
"<sqlalchemy.orm.state.InstanceState object at 0x7fe2a65f9e50>","2","31863/2/2022-10-13 13:19:57.430244","1","2022-10-13 13:19:57.430244","31863",
"<sqlalchemy.orm.state.InstanceState object at 0x7fe2a65f9ee0>","3","31863/3/2022-10-13 13:21:41.861858","4","2022-10-13 13:21:41.861858","31863",
"<sqlalchemy.orm.state.InstanceState object at 0x7fe2a65f9f70>","4","31863/4/2022-10-13 13:22:11.520430","2","2022-10-13 13:22:11.520430","31863",
"<sqlalchemy.orm.state.InstanceState object at 0x7fe2a6601040>","1","80268/1/2022-10-13 13:24:02.115944","4","2022-10-13 13:24:02.115944","80268",
"<sqlalchemy.orm.state.InstanceState object at 0x7fe2a66010d0>","1","11044/1/2022-10-13 13:27:17.485959","4","2022-10-13 13:27:17.485959","11044",
"<sqlalchemy.orm.state.InstanceState object at 0x7fe2a6601160>","2","11044/2/2022-10-13 13:27:41.122458","2","2022-10-13 13:27:41.122458","11044",
"<sqlalchemy.orm.state.InstanceState object at 0x7fe2a66011f0>","1","95938/1/2022-10-13 13:28:10.723108","1","2022-10-13 13:28:10.723108","95938",
"<sqlalchemy.orm.state.InstanceState object at 0x7fe2a6601280>","3","11044/3/2022-10-13 13:28:41.436235","3","2022-10-13 13:28:41.436235","11044",
"<sqlalchemy.orm.state.InstanceState object at 0x7fe2a6601310>","4","11044/4/2022-10-13 13:28:55.171101","1","2022-10-13 13:28:55.171101","11044",
"<sqlalchemy.orm.state.InstanceState object at 0x7fe2a66013a0>","1","63227/1/2022-10-13 13:29:05.120610","4","2022-10-13 13:29:05.120610","63227",
"<sqlalchemy.orm.state.InstanceState object at 0x7fe2a6601430>","1","63012/1/2022-10-13 13:29:15.881487","1","2022-10-13 13:29:15.881487","63012",
"<sqlalchemy.orm.state.InstanceState object at 0x7fe2a66014c0>","2","95938/2/2022-10-13 13:29:20.071405","2","2022-10-13 13:29:20.071405","95938",
"<sqlalchemy.orm.state.InstanceState object at 0x7fe2a6601550>","1","33933/1/2022-10-13 13:29:45.635926","1","2022-10-13 13:29:45.635926","33933",
"<sqlalchemy.orm.state.InstanceState object at 0x7fe2a66015e0>","3","95938/3/2022-10-13 13:29:54.537379","4","2022-10-13 13:29:54.537379","95938",
"<sqlalchemy.orm.state.InstanceState object at 0x7fe2a6601670>","4","95938/4/2022-10-13 13:30:45.284998","3","2022-10-13 13:30:45.284998","95938",
"<sqlalchemy.orm.state.InstanceState object at 0x7fe2a6601700>","1","71067/1/2022-10-13 13:31:27.714915","2","2022-10-13 13:31:27.714915","71067",
"<sqlalchemy.orm.state.InstanceState object at 0x7fe2a6601790>","1","22253/1/2022-10-13 13:32:58.175389","1","2022-10-13 13:32:58.175389","22253",
"<sqlalchemy.orm.state.InstanceState object at 0x7fe2a6601820>","1","52512/1/2022-10-13 13:33:20.390962","3","2022-10-13 13:33:20.390962","52512",
"<sqlalchemy.orm.state.InstanceState object at 0x7fe2a66018b0>","1","21718/1/2022-10-13 13:33:53.083844","2","2022-10-13 13:33:53.083844","21718",
"<sqlalchemy.orm.state.InstanceState object at 0x7fe2a6601940>","2","52512/2/2022-10-13 13:34:35.084087","2","2022-10-13 13:34:35.084087","52512",
"<sqlalchemy.orm.state.InstanceState object at 0x7fe2a66019d0>","2","22253/2/2022-10-13 13:36:36.934291","4","2022-10-13 13:36:36.934291","22253",
"<sqlalchemy.orm.state.InstanceState object at 0x7fe2a6601a60>","3","52512/3/2022-10-13 13:36:43.090641","1","2022-10-13 13:36:43.090641","52512",
"<sqlalchemy.orm.state.InstanceState object at 0x7fe2a6601af0>","3","22253/3/2022-10-13 13:37:53.800070","2","2022-10-13 13:37:53.800070","22253",
"<sqlalchemy.orm.state.InstanceState object at 0x7fe2a6601b80>","1","18371/1/2022-10-13 13:38:11.907337","1","2022-10-13 13:38:11.907337","18371",
"<sqlalchemy.orm.state.InstanceState object at 0x7fe2a6601c10>","2","33933/2/2022-10-13 13:38:37.146765","3","2022-10-13 13:38:37.146765","33933",
"<sqlalchemy.orm.state.InstanceState object at 0x7fe2a6601ca0>","4","52512/4/2022-10-13 13:38:55.434792","4","2022-10-13 13:38:55.434792","52512",
"<sqlalchemy.orm.state.InstanceState object at 0x7fe2a6601d30>","1","87529/1/2022-10-13 13:39:02.866091","1","2022-10-13 13:39:02.866091","87529",
"<sqlalchemy.orm.state.InstanceState object at 0x7fe2a6601dc0>","2","18371/2/2022-10-13 13:39:27.414535","3","2022-10-13 13:39:27.414535","18371",
"<sqlalchemy.orm.state.InstanceState object at 0x7fe2a6601e50>","4","22253/4/2022-10-13 13:39:42.936600","3","2022-10-13 13:39:42.936600","22253",
"<sqlalchemy.orm.state.InstanceState object at 0x7fe2a6601ee0>","2","87529/2/2022-10-13 13:40:23.589478","2","2022-10-13 13:40:23.589478","87529",
"<sqlalchemy.orm.state.InstanceState object at 0x7fe2a6601f70>","3","87529/3/2022-10-13 13:41:29.710229","3","2022-10-13 13:41:29.710229","87529",
"<sqlalchemy.orm.state.InstanceState object at 0x7fe2a6609040>","3","18371/3/2022-10-13 13:41:33.587581","4","2022-10-13 13:41:33.587581","18371",
"<sqlalchemy.orm.state.InstanceState object at 0x7fe2a66090d0>","4","87529/4/2022-10-13 13:43:15.891986","4","2022-10-13 13:43:15.891986","87529",
"<sqlalchemy.orm.state.InstanceState object at 0x7fe2a6609160>","1","98534/1/2022-10-13 13:43:58.364327","1","2022-10-13 13:43:58.364327","98534",
"<sqlalchemy.orm.state.InstanceState object at 0x7fe2a66091f0>","1","94478/1/2022-10-13 13:44:27.698683","2","2022-10-13 13:44:27.698683","94478",
"<sqlalchemy.orm.state.InstanceState object at 0x7fe2a6609280>","1","95562/1/2022-10-13 13:44:31.196661","1","2022-10-13 13:44:31.196661","95562",
"<sqlalchemy.orm.state.InstanceState object at 0x7fe2a6609310>","4","18371/4/2022-10-13 13:45:23.805238","2","2022-10-13 13:45:23.805238","18371",
"<sqlalchemy.orm.state.InstanceState object at 0x7fe2a66093a0>","3","33933/3/2022-10-13 13:45:38.239270","2","2022-10-13 13:45:38.239270","33933",
"<sqlalchemy.orm.state.InstanceState object at 0x7fe2a6609430>","2","94478/2/2022-10-13 13:46:21.347139","4","2022-10-13 13:46:21.347139","94478",
"<sqlalchemy.orm.state.InstanceState object at 0x7fe2a66094c0>","3","94478/3/2022-10-13 13:46:39.994158","3","2022-10-13 13:46:39.994158","94478",
"<sqlalchemy.orm.state.InstanceState object at 0x7fe2a6609550>","4","94478/4/2022-10-13 13:47:00.303057","1","2022-10-13 13:47:00.303057","94478",
"<sqlalchemy.orm.state.InstanceState object at 0x7fe2a66095e0>","2","63227/2/2022-10-13 13:47:08.195374","3","2022-10-13 13:47:08.195374","63227",
"<sqlalchemy.orm.state.InstanceState object at 0x7fe2a6609670>","2","98534/2/2022-10-13 13:47:38.083020","4","2022-10-13 13:47:38.083020","98534",
"<sqlalchemy.orm.state.InstanceState object at 0x7fe2a6609700>","3","98534/3/2022-10-13 13:48:34.622955","3","2022-10-13 13:48:34.622955","98534",
"<sqlalchemy.orm.state.InstanceState object at 0x7fe2a6609790>","4","33933/4/2022-10-13 13:48:42.142145","4","2022-10-13 13:48:42.142145","33933",
"<sqlalchemy.orm.state.InstanceState object at 0x7fe2a6609820>","4","98534/4/2022-10-13 13:49:14.849551","2","2022-10-13 13:49:14.849551","98534",
"<sqlalchemy.orm.state.InstanceState object at 0x7fe2a66098b0>","1","37071/1/2022-10-13 13:53:42.430901","2","2022-10-13 13:53:42.430901","37071",
"<sqlalchemy.orm.state.InstanceState object at 0x7fe2a6609940>","1","30637/1/2022-10-13 13:54:49.166376","4","2022-10-13 13:54:49.166376","30637",
"<sqlalchemy.orm.state.InstanceState object at 0x7fe2a66099d0>","1","76965/1/2022-10-13 13:55:28.979010","1","2022-10-13 13:55:28.979010","76965",
"<sqlalchemy.orm.state.InstanceState object at 0x7fe2a6609a60>","2","30637/2/2022-10-13 13:57:17.305947","2","2022-10-13 13:57:17.305947","30637",
"<sqlalchemy.orm.state.InstanceState object at 0x7fe2a6609af0>","1","58529/1/2022-10-13 13:58:21.807622","1","2022-10-13 13:58:21.807622","58529",
"<sqlalchemy.orm.state.InstanceState object at 0x7fe2a6609b80>","1","36952/1/2022-10-13 13:58:48.532936","3","2022-10-13 13:58:48.532936","36952",
"<sqlalchemy.orm.state.InstanceState object at 0x7fe2a6609c10>","2","37071/2/2022-10-13 13:58:48.995554","1","2022-10-13 13:58:48.995554","37071",
"<sqlalchemy.orm.state.InstanceState object at 0x7fe2a6609ca0>","2","36952/2/2022-10-13 13:58:53.428754","2","2022-10-13 13:58:53.428754","36952",
"<sqlalchemy.orm.state.InstanceState object at 0x7fe2a6609d30>","3","30637/3/2022-10-13 14:00:09.405658","1","2022-10-13 14:00:09.405658","30637",
"<sqlalchemy.orm.state.InstanceState object at 0x7fe2a6609dc0>","3","37071/3/2022-10-13 14:01:13.340138","4","2022-10-13 14:01:13.340138","37071",
"<sqlalchemy.orm.state.InstanceState object at 0x7fe2a6609e50>","3","36952/3/2022-10-13 14:01:20.055573","4","2022-10-13 14:01:20.055573","36952",
"<sqlalchemy.orm.state.InstanceState object at 0x7fe2a6609ee0>","2","76965/2/2022-10-13 14:01:44.131015","3","2022-10-13 14:01:44.131015","76965",
"<sqlalchemy.orm.state.InstanceState object at 0x7fe2a6609f70>","4","30637/4/2022-10-13 14:01:51.559936","3","2022-10-13 14:01:51.559936","30637",
"<sqlalchemy.orm.state.InstanceState object at 0x7fe2a6590040>","1","94280/1/2022-10-13 14:02:14.850414","2","2022-10-13 14:02:14.850414","94280",
"<sqlalchemy.orm.state.InstanceState object at 0x7fe2a65900d0>","4","36952/4/2022-10-13 14:02:34.046200","1","2022-10-13 14:02:34.046200","36952",
"<sqlalchemy.orm.state.InstanceState object at 0x7fe2a6590160>","2","94280/2/2022-10-13 14:03:34.447292","4","2022-10-13 14:03:34.447292","94280",
"<sqlalchemy.orm.state.InstanceState object at 0x7fe2a65901f0>","3","94280/3/2022-10-13 14:04:17.267249","3","2022-10-13 14:04:17.267249","94280",
"<sqlalchemy.orm.state.InstanceState object at 0x7fe2a6590280>","4","94280/4/2022-10-13 14:05:26.007974","1","2022-10-13 14:05:26.007974","94280",
"<sqlalchemy.orm.state.InstanceState object at 0x7fe2a6590310>","1","46488/1/2022-10-13 14:05:27.516525","2","2022-10-13 14:05:27.516525","46488",
"<sqlalchemy.orm.state.InstanceState object at 0x7fe2a65903a0>","3","76965/3/2022-10-13 14:05:28.962894","4","2022-10-13 14:05:28.962894","76965",
"<sqlalchemy.orm.state.InstanceState object at 0x7fe2a6590430>","1","43362/1/2022-10-13 14:06:28.080883","2","2022-10-13 14:06:28.080883","43362",
"<sqlalchemy.orm.state.InstanceState object at 0x7fe2a65904c0>","4","37071/4/2022-10-13 14:06:54.502843","3","2022-10-13 14:06:54.502843","37071",
"<sqlalchemy.orm.state.InstanceState object at 0x7fe2a6590550>","2","43362/2/2022-10-13 14:08:10.161746","4","2022-10-13 14:08:10.161746","43362",
"<sqlalchemy.orm.state.InstanceState object at 0x7fe2a65905e0>","2","46488/2/2022-10-13 14:08:26.987060","3","2022-10-13 14:08:26.987060","46488",
"<sqlalchemy.orm.state.InstanceState object at 0x7fe2a6590670>","3","46488/3/2022-10-13 14:10:50.316787","4","2022-10-13 14:10:50.316787","46488",
"<sqlalchemy.orm.state.InstanceState object at 0x7fe2a6590700>","3","43362/3/2022-10-13 14:11:30.054987","3","2022-10-13 14:11:30.054987","43362",
"<sqlalchemy.orm.state.InstanceState object at 0x7fe2a6590790>","4","76965/4/2022-10-13 14:12:02.823847","2","2022-10-13 14:12:02.823847","76965",
"<sqlalchemy.orm.state.InstanceState object at 0x7fe2a6590820>","1","32145/1/2022-10-13 14:13:14.062458","1","2022-10-13 14:13:14.062458","32145",
"<sqlalchemy.orm.state.InstanceState object at 0x7fe2a65908b0>","4","43362/4/2022-10-13 14:13:23.302287","1","2022-10-13 14:13:23.302287","43362",
"<sqlalchemy.orm.state.InstanceState object at 0x7fe2a6590940>","4","46488/4/2022-10-13 14:15:47.002397","1","2022-10-13 14:15:47.002397","46488",
"<sqlalchemy.orm.state.InstanceState object at 0x7fe2a65909d0>","2","32145/2/2022-10-13 14:17:32.829463","2","2022-10-13 14:17:32.829463","32145",
"<sqlalchemy.orm.state.InstanceState object at 0x7fe2a6590a60>","3","32145/3/2022-10-13 14:25:10.816569","3","2022-10-13 14:25:10.816569","32145",
"<sqlalchemy.orm.state.InstanceState object at 0x7fe2a6590af0>","1","60100/1/2022-10-13 14:31:00.109899","2","2022-10-13 14:31:00.109899","60100",
"<sqlalchemy.orm.state.InstanceState object at 0x7fe2a6590b80>","1","33575/1/2022-10-13 14:31:18.296336","2","2022-10-13 14:31:18.296336","33575",
"<sqlalchemy.orm.state.InstanceState object at 0x7fe2a6590c10>","2","60100/2/2022-10-13 14:31:39.992581","3","2022-10-13 14:31:39.992581","60100",
"<sqlalchemy.orm.state.InstanceState object at 0x7fe2a6590ca0>","4","32145/4/2022-10-13 14:31:44.901129","4","2022-10-13 14:31:44.901129","32145",
"<sqlalchemy.orm.state.InstanceState object at 0x7fe2a6590d30>","3","60100/3/2022-10-13 14:32:23.787817","4","2022-10-13 14:32:23.787817","60100",
"<sqlalchemy.orm.state.InstanceState object at 0x7fe2a6590dc0>","4","60100/4/2022-10-13 14:32:59.194427","1","2022-10-13 14:32:59.194427","60100",
"<sqlalchemy.orm.state.InstanceState object at 0x7fe2a6590e50>","2","33575/2/2022-10-13 14:33:14.246480","4","2022-10-13 14:33:14.246480","33575",
"<sqlalchemy.orm.state.InstanceState object at 0x7fe2a6590ee0>","3","33575/3/2022-10-13 14:34:33.463738","3","2022-10-13 14:34:33.463738","33575",
"<sqlalchemy.orm.state.InstanceState object at 0x7fe2a6590f70>","1","70043/1/2022-10-13 14:35:40.256641","3","2022-10-13 14:35:40.256641","70043",
"<sqlalchemy.orm.state.InstanceState object at 0x7fe2a6598040>","4","33575/4/2022-10-13 14:36:28.174965","1","2022-10-13 14:36:28.174965","33575",
"<sqlalchemy.orm.state.InstanceState object at 0x7fe2a65980d0>","1","26015/1/2022-10-13 14:36:51.916137","1","2022-10-13 14:36:51.916137","26015",
"<sqlalchemy.orm.state.InstanceState object at 0x7fe2a6598160>","2","26015/2/2022-10-13 14:37:36.304316","2","2022-10-13 14:37:36.304316","26015",
"<sqlalchemy.orm.state.InstanceState object at 0x7fe2a65981f0>","3","26015/3/2022-10-13 14:37:54.518445","4","2022-10-13 14:37:54.518445","26015",
"<sqlalchemy.orm.state.InstanceState object at 0x7fe2a6598280>","4","26015/4/2022-10-13 14:38:15.159941","3","2022-10-13 14:38:15.159941","26015",
"<sqlalchemy.orm.state.InstanceState object at 0x7fe2a6598310>","1","48734/1/2022-10-13 14:39:42.875852","3","2022-10-13 14:39:42.875852","48734",
"<sqlalchemy.orm.state.InstanceState object at 0x7fe2a65983a0>","1","36777/1/2022-10-13 14:39:48.973745","3","2022-10-13 14:39:48.973745","36777",
"<sqlalchemy.orm.state.InstanceState object at 0x7fe2a6598430>","2","48734/2/2022-10-13 14:41:40.534044","4","2022-10-13 14:41:40.534044","48734",
"<sqlalchemy.orm.state.InstanceState object at 0x7fe2a65984c0>","2","36777/2/2022-10-13 14:42:48.893868","2","2022-10-13 14:42:48.893868","36777",
"<sqlalchemy.orm.state.InstanceState object at 0x7fe2a6598550>","1","38983/1/2022-10-13 14:42:52.142784","3","2022-10-13 14:42:52.142784","38983",
"<sqlalchemy.orm.state.InstanceState object at 0x7fe2a65985e0>","3","48734/3/2022-10-13 14:43:06.267507","2","2022-10-13 14:43:06.267507","48734",
"<sqlalchemy.orm.state.InstanceState object at 0x7fe2a6598670>","3","36777/3/2022-10-13 14:43:48.041025","4","2022-10-13 14:43:48.041025","36777",
"<sqlalchemy.orm.state.InstanceState object at 0x7fe2a6598700>","4","48734/4/2022-10-13 14:43:56.446846","1","2022-10-13 14:43:56.446846","48734",
"<sqlalchemy.orm.state.InstanceState object at 0x7fe2a6598790>","2","38983/2/2022-10-13 14:44:01.310755","1","2022-10-13 14:44:01.310755","38983",
"<sqlalchemy.orm.state.InstanceState object at 0x7fe2a6598820>","3","38983/3/2022-10-13 14:44:18.132841","4","2022-10-13 14:44:18.132841","38983",
"<sqlalchemy.orm.state.InstanceState object at 0x7fe2a65988b0>","4","38983/4/2022-10-13 14:44:40.977426","2","2022-10-13 14:44:40.977426","38983",
"<sqlalchemy.orm.state.InstanceState object at 0x7fe2a6598940>","4","36777/4/2022-10-13 14:45:08.096249","1","2022-10-13 14:45:08.096249","36777",
"<sqlalchemy.orm.state.InstanceState object at 0x7fe2a65989d0>","1","47913/1/2022-10-13 15:00:31.327348","4","2022-10-13 15:00:31.327348","47913",
"<sqlalchemy.orm.state.InstanceState object at 0x7fe2a6598a60>","2","47913/2/2022-10-13 15:03:39.183649","1","2022-10-13 15:03:39.183649","47913",
"<sqlalchemy.orm.state.InstanceState object at 0x7fe2a6598af0>","1","77063/1/2022-10-13 15:06:05.872262","2","2022-10-13 15:06:05.872262","77063",
"<sqlalchemy.orm.state.InstanceState object at 0x7fe2a6598b80>","1","38060/1/2022-10-13 15:07:51.042401","4","2022-10-13 15:07:51.042401","38060",
"<sqlalchemy.orm.state.InstanceState object at 0x7fe2a6598c10>","3","47913/3/2022-10-13 15:08:28.679757","3","2022-10-13 15:08:28.679757","47913",
"<sqlalchemy.orm.state.InstanceState object at 0x7fe2a6598ca0>","2","38060/2/2022-10-13 15:10:02.670324","3","2022-10-13 15:10:02.670324","38060",
"<sqlalchemy.orm.state.InstanceState object at 0x7fe2a6598d30>","1","13842/1/2022-10-13 15:10:38.602439","4","2022-10-13 15:10:38.602439","13842",
"<sqlalchemy.orm.state.InstanceState object at 0x7fe2a6598dc0>","2","13842/2/2022-10-13 15:11:00.779412","3","2022-10-13 15:11:00.779412","13842",
"<sqlalchemy.orm.state.InstanceState object at 0x7fe2a6598e50>","3","13842/3/2022-10-13 15:11:11.726985","2","2022-10-13 15:11:11.726985","13842",
"<sqlalchemy.orm.state.InstanceState object at 0x7fe2a6598ee0>","4","13842/4/2022-10-13 15:11:20.609527","1","2022-10-13 15:11:20.609527","13842",
"<sqlalchemy.orm.state.InstanceState object at 0x7fe2a6598f70>","3","38060/3/2022-10-13 15:12:20.935841","2","2022-10-13 15:12:20.935841","38060",
"<sqlalchemy.orm.state.InstanceState object at 0x7fe2a65a1040>","4","47913/4/2022-10-13 15:15:06.399454","2","2022-10-13 15:15:06.399454","47913",
"<sqlalchemy.orm.state.InstanceState object at 0x7fe2a65a10d0>","4","38060/4/2022-10-13 15:16:20.426525","1","2022-10-13 15:16:20.426525","38060",
"<sqlalchemy.orm.state.InstanceState object at 0x7fe2a65a1160>","1","77576/1/2022-10-13 15:21:21.795661","3","2022-10-13 15:21:21.795661","77576",
"<sqlalchemy.orm.state.InstanceState object at 0x7fe2a65a11f0>","2","77576/2/2022-10-13 15:22:22.651571","1","2022-10-13 15:22:22.651571","77576",
"<sqlalchemy.orm.state.InstanceState object at 0x7fe2a65a1280>","3","77576/3/2022-10-13 15:22:56.404675","2","2022-10-13 15:22:56.404675","77576",
"<sqlalchemy.orm.state.InstanceState object at 0x7fe2a65a1310>","1","27821/1/2022-10-13 15:23:06.730606","1","2022-10-13 15:23:06.730606","27821",
"<sqlalchemy.orm.state.InstanceState object at 0x7fe2a65a13a0>","4","77576/4/2022-10-13 15:23:17.467964","4","2022-10-13 15:23:17.467964","77576",
"<sqlalchemy.orm.state.InstanceState object at 0x7fe2a65a1430>","2","27821/2/2022-10-13 15:23:31.729831","2","2022-10-13 15:23:31.729831","27821",
"<sqlalchemy.orm.state.InstanceState object at 0x7fe2a65a14c0>","1","18142/1/2022-10-13 15:27:11.085400","3","2022-10-13 15:27:11.085400","18142",
"<sqlalchemy.orm.state.InstanceState object at 0x7fe2a65a1550>","2","18142/2/2022-10-13 15:28:39.348856","4","2022-10-13 15:28:39.348856","18142",
"<sqlalchemy.orm.state.InstanceState object at 0x7fe2a65a15e0>","1","78108/1/2022-10-13 15:28:52.494709","1","2022-10-13 15:28:52.494709","78108",
"<sqlalchemy.orm.state.InstanceState object at 0x7fe2a65a1670>","1","98143/1/2022-10-13 15:28:53.377316","3","2022-10-13 15:28:53.377316","98143",
"<sqlalchemy.orm.state.InstanceState object at 0x7fe2a65a1700>","3","18142/3/2022-10-13 15:28:54.474054","2","2022-10-13 15:28:54.474054","18142",
"<sqlalchemy.orm.state.InstanceState object at 0x7fe2a65a1790>","4","18142/4/2022-10-13 15:30:08.982061","1","2022-10-13 15:30:08.982061","18142",
"<sqlalchemy.orm.state.InstanceState object at 0x7fe2a65a1820>","2","78108/2/2022-10-13 15:31:04.361118","4","2022-10-13 15:31:04.361118","78108",
"<sqlalchemy.orm.state.InstanceState object at 0x7fe2a65a18b0>","1","91171/1/2022-10-13 15:32:12.786027","2","2022-10-13 15:32:12.786027","91171",
"<sqlalchemy.orm.state.InstanceState object at 0x7fe2a65a1940>","1","96664/1/2022-10-13 15:33:18.553932","3","2022-10-13 15:33:18.553932","96664",
"<sqlalchemy.orm.state.InstanceState object at 0x7fe2a65a19d0>","2","91171/2/2022-10-13 15:34:18.317146","3","2022-10-13 15:34:18.317146","91171",
"<sqlalchemy.orm.state.InstanceState object at 0x7fe2a65a1a60>","2","96664/2/2022-10-13 15:34:59.808756","4","2022-10-13 15:34:59.808756","96664",
"<sqlalchemy.orm.state.InstanceState object at 0x7fe2a65a1af0>","3","78108/3/2022-10-13 15:35:38.577392","2","2022-10-13 15:35:38.577392","78108",
"<sqlalchemy.orm.state.InstanceState object at 0x7fe2a65a1b80>","3","96664/3/2022-10-13 15:35:48.820754","2","2022-10-13 15:35:48.820754","96664",
"<sqlalchemy.orm.state.InstanceState object at 0x7fe2a65a1c10>","4","96664/4/2022-10-13 15:36:27.277934","1","2022-10-13 15:36:27.277934","96664",
"<sqlalchemy.orm.state.InstanceState object at 0x7fe2a65a1ca0>","1","99759/1/2022-10-13 15:37:06.432977","1","2022-10-13 15:37:06.432977","99759",
"<sqlalchemy.orm.state.InstanceState object at 0x7fe2a65a1d30>","2","99759/2/2022-10-13 15:37:28.075901","2","2022-10-13 15:37:28.075901","99759",
"<sqlalchemy.orm.state.InstanceState object at 0x7fe2a65a1dc0>","3","99759/3/2022-10-13 15:37:38.524502","4","2022-10-13 15:37:38.524502","99759",
"<sqlalchemy.orm.state.InstanceState object at 0x7fe2a65a1e50>","4","99759/4/2022-10-13 15:37:50.009341","3","2022-10-13 15:37:50.009341","99759",
"<sqlalchemy.orm.state.InstanceState object at 0x7fe2a65a1ee0>","3","91171/3/2022-10-13 15:38:14.832259","4","2022-10-13 15:38:14.832259","91171",
"<sqlalchemy.orm.state.InstanceState object at 0x7fe2a65a1f70>","1","48700/1/2022-10-13 15:39:18.513197","3","2022-10-13 15:39:18.513197","48700",
"<sqlalchemy.orm.state.InstanceState object at 0x7fe2a65a9040>","4","78108/4/2022-10-13 15:41:20.234822","3","2022-10-13 15:41:20.234822","78108",
"<sqlalchemy.orm.state.InstanceState object at 0x7fe2a65a90d0>","4","91171/4/2022-10-13 15:43:32.841141","1","2022-10-13 15:43:32.841141","91171",
"<sqlalchemy.orm.state.InstanceState object at 0x7fe2a65a9160>","1","33450/1/2022-10-13 15:43:55.070836","2","2022-10-13 15:43:55.070836","33450",
"<sqlalchemy.orm.state.InstanceState object at 0x7fe2a65a91f0>","1","60560/1/2022-10-13 15:44:47.799641","3","2022-10-13 15:44:47.799641","60560",
"<sqlalchemy.orm.state.InstanceState object at 0x7fe2a65a9280>","1","94254/1/2022-10-13 15:45:13.609036","2","2022-10-13 15:45:13.609036","94254",
"<sqlalchemy.orm.state.InstanceState object at 0x7fe2a65a9310>","2","60560/2/2022-10-13 15:46:00.340582","4","2022-10-13 15:46:00.340582","60560",
"<sqlalchemy.orm.state.InstanceState object at 0x7fe2a65a93a0>","2","94254/2/2022-10-13 15:46:09.200318","3","2022-10-13 15:46:09.200318","94254",
"<sqlalchemy.orm.state.InstanceState object at 0x7fe2a65a9430>","3","94254/3/2022-10-13 15:46:41.893777","1","2022-10-13 15:46:41.893777","94254",
"<sqlalchemy.orm.state.InstanceState object at 0x7fe2a65a94c0>","3","60560/3/2022-10-13 15:46:57.050046","2","2022-10-13 15:46:57.050046","60560",
"<sqlalchemy.orm.state.InstanceState object at 0x7fe2a65a9550>","2","33450/2/2022-10-13 15:47:27.416482","1","2022-10-13 15:47:27.416482","33450",
"<sqlalchemy.orm.state.InstanceState object at 0x7fe2a65a95e0>","4","94254/4/2022-10-13 15:47:30.074188","4","2022-10-13 15:47:30.074188","94254",
"<sqlalchemy.orm.state.InstanceState object at 0x7fe2a65a9670>","3","33450/3/2022-10-13 15:51:58.762622","3","2022-10-13 15:51:58.762622","33450",
"<sqlalchemy.orm.state.InstanceState object at 0x7fe2a65a9700>","1","25615/1/2022-10-13 15:53:29.399565","2","2022-10-13 15:53:29.399565","25615",
"<sqlalchemy.orm.state.InstanceState object at 0x7fe2a65a9790>","1","34813/1/2022-10-13 15:54:11.578999","2","2022-10-13 15:54:11.578999","34813",
"<sqlalchemy.orm.state.InstanceState object at 0x7fe2a65a9820>","4","33450/4/2022-10-13 15:55:23.444882","4","2022-10-13 15:55:23.444882","33450",
"<sqlalchemy.orm.state.InstanceState object at 0x7fe2a65a98b0>","1","27653/1/2022-10-13 15:56:20.456799","1","2022-10-13 15:56:20.456799","27653",
"<sqlalchemy.orm.state.InstanceState object at 0x7fe2a65a9940>","2","34813/2/2022-10-13 15:57:51.516916","1","2022-10-13 15:57:51.516916","34813",
"<sqlalchemy.orm.state.InstanceState object at 0x7fe2a65a99d0>","2","25615/2/2022-10-13 15:58:01.756355","4","2022-10-13 15:58:01.756355","25615",
"<sqlalchemy.orm.state.InstanceState object at 0x7fe2a65a9a60>","2","27653/2/2022-10-13 15:58:02.271791","2","2022-10-13 15:58:02.271791","27653",
"<sqlalchemy.orm.state.InstanceState object at 0x7fe2a65a9af0>","3","27653/3/2022-10-13 15:59:23.295644","4","2022-10-13 15:59:23.295644","27653",
"<sqlalchemy.orm.state.InstanceState object at 0x7fe2a65a9b80>","3","25615/3/2022-10-13 15:59:50.768720","1","2022-10-13 15:59:50.768720","25615",
"<sqlalchemy.orm.state.InstanceState object at 0x7fe2a65a9c10>","3","34813/3/2022-10-13 16:00:14.987474","3","2022-10-13 16:00:14.987474","34813",
"<sqlalchemy.orm.state.InstanceState object at 0x7fe2a65a9ca0>","4","27653/4/2022-10-13 16:00:30.586702","3","2022-10-13 16:00:30.586702","27653",
"<sqlalchemy.orm.state.InstanceState object at 0x7fe2a65a9d30>","4","25615/4/2022-10-13 16:01:01.687633","3","2022-10-13 16:01:01.687633","25615",
"<sqlalchemy.orm.state.InstanceState object at 0x7fe2a65a9dc0>","1","13717/1/2022-10-13 16:02:52.495134","3","2022-10-13 16:02:52.495134","13717",
"<sqlalchemy.orm.state.InstanceState object at 0x7fe2a65a9e50>","1","13497/1/2022-10-13 16:02:55.825170","2","2022-10-13 16:02:55.825170","13497",
"<sqlalchemy.orm.state.InstanceState object at 0x7fe2a65a9ee0>","2","13497/2/2022-10-13 16:03:15.315537","1","2022-10-13 16:03:15.315537","13497",
"<sqlalchemy.orm.state.InstanceState object at 0x7fe2a65a9f70>","3","13497/3/2022-10-13 16:03:23.959460","3","2022-10-13 16:03:23.959460","13497",
"<sqlalchemy.orm.state.InstanceState object at 0x7fe2a65b0040>","4","34813/4/2022-10-13 16:04:45.726116","4","2022-10-13 16:04:45.726116","34813",
"<sqlalchemy.orm.state.InstanceState object at 0x7fe2a65b00d0>","1","49794/1/2022-10-13 16:05:22.770948","1","2022-10-13 16:05:22.770948","49794",
"<sqlalchemy.orm.state.InstanceState object at 0x7fe2a65b0160>","2","49794/2/2022-10-13 16:06:39.390040","4","2022-10-13 16:06:39.390040","49794",
"<sqlalchemy.orm.state.InstanceState object at 0x7fe2a65b01f0>","1","82228/1/2022-10-13 16:08:01.712190","1","2022-10-13 16:08:01.712190","82228",
"<sqlalchemy.orm.state.InstanceState object at 0x7fe2a65b0280>","2","82228/2/2022-10-13 16:08:05.160026","3","2022-10-13 16:08:05.160026","82228",
"<sqlalchemy.orm.state.InstanceState object at 0x7fe2a65b0310>","3","49794/3/2022-10-13 16:09:09.826312","3","2022-10-13 16:09:09.826312","49794",
"<sqlalchemy.orm.state.InstanceState object at 0x7fe2a65b03a0>","4","49794/4/2022-10-13 16:12:27.795052","2","2022-10-13 16:12:27.795052","49794",
"<sqlalchemy.orm.state.InstanceState object at 0x7fe2a65b0430>","1","40762/1/2022-10-13 16:13:40.513378","3","2022-10-13 16:13:40.513378","40762",
"<sqlalchemy.orm.state.InstanceState object at 0x7fe2a65b04c0>","2","40762/2/2022-10-13 16:13:51.003114","4","2022-10-13 16:13:51.003114","40762",
"<sqlalchemy.orm.state.InstanceState object at 0x7fe2a65b0550>","1","74964/1/2022-10-13 16:14:51.553955","1","2022-10-13 16:14:51.553955","74964",
"<sqlalchemy.orm.state.InstanceState object at 0x7fe2a65b05e0>","3","40762/3/2022-10-13 16:17:13.642435","2","2022-10-13 16:17:13.642435","40762",
"<sqlalchemy.orm.state.InstanceState object at 0x7fe2a65b0670>","1","57411/1/2022-10-13 16:20:32.511899","2","2022-10-13 16:20:32.511899","57411",
"<sqlalchemy.orm.state.InstanceState object at 0x7fe2a65b0700>","4","40762/4/2022-10-13 16:21:48.632615","1","2022-10-13 16:21:48.632615","40762",
"<sqlalchemy.orm.state.InstanceState object at 0x7fe2a65b0790>","2","57411/2/2022-10-13 16:21:49.315711","1","2022-10-13 16:21:49.315711","57411",
"<sqlalchemy.orm.state.InstanceState object at 0x7fe2a65b0820>","3","57411/3/2022-10-13 16:23:06.956185","4","2022-10-13 16:23:06.956185","57411",
"<sqlalchemy.orm.state.InstanceState object at 0x7fe2a65b08b0>","1","24866/1/2022-10-13 16:23:29.285275","2","2022-10-13 16:23:29.285275","24866",
"<sqlalchemy.orm.state.InstanceState object at 0x7fe2a65b0940>","2","24866/2/2022-10-13 16:25:34.370100","3","2022-10-13 16:25:34.370100","24866",
"<sqlalchemy.orm.state.InstanceState object at 0x7fe2a65b09d0>","4","57411/4/2022-10-13 16:25:43.638995","3","2022-10-13 16:25:43.638995","57411",
"<sqlalchemy.orm.state.InstanceState object at 0x7fe2a65b0a60>","1","83272/1/2022-10-13 16:26:41.417264","3","2022-10-13 16:26:41.417264","83272",
"<sqlalchemy.orm.state.InstanceState object at 0x7fe2a65b0af0>","3","24866/3/2022-10-13 16:27:15.634365","1","2022-10-13 16:27:15.634365","24866",
"<sqlalchemy.orm.state.InstanceState object at 0x7fe2a65b0b80>","4","24866/4/2022-10-13 16:28:25.764174","4","2022-10-13 16:28:25.764174","24866",
"<sqlalchemy.orm.state.InstanceState object at 0x7fe2a65b0c10>","1","58960/1/2022-10-13 16:29:34.614862","2","2022-10-13 16:29:34.614862","58960",
"<sqlalchemy.orm.state.InstanceState object at 0x7fe2a65b0ca0>","1","38022/1/2022-10-13 16:30:31.014801","2","2022-10-13 16:30:31.014801","38022",
"<sqlalchemy.orm.state.InstanceState object at 0x7fe2a65b0d30>","1","38926/1/2022-10-13 16:35:12.749556","1","2022-10-13 16:35:12.749556","38926",
"<sqlalchemy.orm.state.InstanceState object at 0x7fe2a65b0dc0>","2","57601/2/2022-10-13 16:35:35.766879","1","2022-10-13 16:35:35.766879","57601",
"<sqlalchemy.orm.state.InstanceState object at 0x7fe2a65b0e50>","2","38926/2/2022-10-13 16:36:00.804632","3","2022-10-13 16:36:00.804632","38926",
"<sqlalchemy.orm.state.InstanceState object at 0x7fe2a65b0ee0>","1","75629/1/2022-10-13 16:36:20.325210","2","2022-10-13 16:36:20.325210","75629",
"<sqlalchemy.orm.state.InstanceState object at 0x7fe2a65b0f70>","3","38926/3/2022-10-13 16:36:28.338851","2","2022-10-13 16:36:28.338851","38926",
"<sqlalchemy.orm.state.InstanceState object at 0x7fe2a65b9040>","2","75629/2/2022-10-13 16:36:47.365263","1","2022-10-13 16:36:47.365263","75629",
"<sqlalchemy.orm.state.InstanceState object at 0x7fe2a65b90d0>","3","75629/3/2022-10-13 16:37:05.848668","4","2022-10-13 16:37:05.848668","75629",
"<sqlalchemy.orm.state.InstanceState object at 0x7fe2a65b9160>","4","38926/4/2022-10-13 16:37:15.645519","4","2022-10-13 16:37:15.645519","38926",
"<sqlalchemy.orm.state.InstanceState object at 0x7fe2a65b91f0>","4","75629/4/2022-10-13 16:37:25.479973","3","2022-10-13 16:37:25.479973","75629",
"<sqlalchemy.orm.state.InstanceState object at 0x7fe2a65b9280>","1","44642/1/2022-10-13 16:38:43.679137","4","2022-10-13 16:38:43.679137","44642",
"<sqlalchemy.orm.state.InstanceState object at 0x7fe2a65b9310>","1","62809/1/2022-10-13 16:40:18.469283","1","2022-10-13 16:40:18.469283","62809",
"<sqlalchemy.orm.state.InstanceState object at 0x7fe2a65b93a0>","2","62809/2/2022-10-13 16:40:51.188843","3","2022-10-13 16:40:51.188843","62809",
"<sqlalchemy.orm.state.InstanceState object at 0x7fe2a65b9430>","3","62809/3/2022-10-13 16:41:44.088731","2","2022-10-13 16:41:44.088731","62809",
"<sqlalchemy.orm.state.InstanceState object at 0x7fe2a65b94c0>","4","62809/4/2022-10-13 16:42:27.378315","4","2022-10-13 16:42:27.378315","62809",
"<sqlalchemy.orm.state.InstanceState object at 0x7fe2a65b9550>","1","25132/1/2022-10-13 16:44:47.694325","3","2022-10-13 16:44:47.694325","25132",
"<sqlalchemy.orm.state.InstanceState object at 0x7fe2a65b95e0>","1","86683/1/2022-10-13 16:48:16.500145","1","2022-10-13 16:48:16.500145","86683",
"<sqlalchemy.orm.state.InstanceState object at 0x7fe2a65b9670>","1","19715/1/2022-10-13 17:23:45.987168","3","2022-10-13 17:23:45.987168","19715",
"<sqlalchemy.orm.state.InstanceState object at 0x7fe2a65b9700>","2","19715/2/2022-10-13 17:25:00.403540","2","2022-10-13 17:25:00.403540","19715",
"<sqlalchemy.orm.state.InstanceState object at 0x7fe2a65b9790>","3","19715/3/2022-10-13 17:26:20.977224","4","2022-10-13 17:26:20.977224","19715",
"<sqlalchemy.orm.state.InstanceState object at 0x7fe2a65b9820>","4","19715/4/2022-10-13 17:26:37.727669","1","2022-10-13 17:26:37.727669","19715",
"<sqlalchemy.orm.state.InstanceState object at 0x7fe2a65b98b0>","2","48700/2/2022-10-13 20:37:55.806118","2","2022-10-13 20:37:55.806118","48700",
"<sqlalchemy.orm.state.InstanceState object at 0x7fe2a65b9940>","3","48700/3/2022-10-13 21:01:55.774726","4","2022-10-13 21:01:55.774726","48700",
"<sqlalchemy.orm.state.InstanceState object at 0x7fe2a65b99d0>","2","83272/2/2022-10-13 22:31:36.649797","4","2022-10-13 22:31:36.649797","83272",
"<sqlalchemy.orm.state.InstanceState object at 0x7fe2a65b9a60>","4","13497/4/2022-10-13 23:06:29.405963","4","2022-10-13 23:06:29.405963","13497",
"<sqlalchemy.orm.state.InstanceState object at 0x7fe2a65b9af0>","1","80824/1/2022-10-14 00:34:32.900951","3","2022-10-14 00:34:32.900951","80824",
"<sqlalchemy.orm.state.InstanceState object at 0x7fe2a65b9b80>","2","80824/2/2022-10-14 00:35:13.162504","4","2022-10-14 00:35:13.162504","80824",
"<sqlalchemy.orm.state.InstanceState object at 0x7fe2a65b9c10>","3","80824/3/2022-10-14 00:35:41.880222","2","2022-10-14 00:35:41.880222","80824",
"<sqlalchemy.orm.state.InstanceState object at 0x7fe2a65b9ca0>","4","80824/4/2022-10-14 00:36:05.975703","1","2022-10-14 00:36:05.975703","80824",
"<sqlalchemy.orm.state.InstanceState object at 0x7fe2a65b9d30>","1","46639/1/2022-10-14 00:44:37.900686","2","2022-10-14 00:44:37.900686","46639",
"<sqlalchemy.orm.state.InstanceState object at 0x7fe2a65b9dc0>","1","55926/1/2022-10-14 01:43:23.646029","1","2022-10-14 01:43:23.646029","55926",
"<sqlalchemy.orm.state.InstanceState object at 0x7fe2a65b9e50>","2","55926/2/2022-10-14 01:44:30.333658","3","2022-10-14 01:44:30.333658","55926",
"<sqlalchemy.orm.state.InstanceState object at 0x7fe2a65b9ee0>","3","55926/3/2022-10-14 01:45:01.163220","4","2022-10-14 01:45:01.163220","55926",
"<sqlalchemy.orm.state.InstanceState object at 0x7fe2a65b9f70>","4","55926/4/2022-10-14 01:45:44.726397","2","2022-10-14 01:45:44.726397","55926",
"<sqlalchemy.orm.state.InstanceState object at 0x7fe2a65c3040>","1","76598/1/2022-10-14 04:40:02.746916","3","2022-10-14 04:40:02.746916","76598",
"<sqlalchemy.orm.state.InstanceState object at 0x7fe2a65c30d0>","1","64581/1/2022-10-14 05:16:36.223424","4","2022-10-14 05:16:36.223424","64581",
"<sqlalchemy.orm.state.InstanceState object at 0x7fe2a65c3160>","2","64581/2/2022-10-14 05:17:32.922967","3","2022-10-14 05:17:32.922967","64581",
"<sqlalchemy.orm.state.InstanceState object at 0x7fe2a65c31f0>","3","64581/3/2022-10-14 05:18:27.605332","1","2022-10-14 05:18:27.605332","64581",
"<sqlalchemy.orm.state.InstanceState object at 0x7fe2a65c3280>","4","64581/4/2022-10-14 05:19:02.136452","2","2022-10-14 05:19:02.136452","64581",
"<sqlalchemy.orm.state.InstanceState object at 0x7fe2a65c3310>","1","16015/1/2022-10-14 05:28:56.050650","1","2022-10-14 05:28:56.050650","16015",
"<sqlalchemy.orm.state.InstanceState object at 0x7fe2a65c33a0>","2","16015/2/2022-10-14 05:30:23.836059","4","2022-10-14 05:30:23.836059","16015",
"<sqlalchemy.orm.state.InstanceState object at 0x7fe2a65c3430>","3","16015/3/2022-10-14 05:30:36.292924","2","2022-10-14 05:30:36.292924","16015",
"<sqlalchemy.orm.state.InstanceState object at 0x7fe2a65c34c0>","4","16015/4/2022-10-14 05:31:09.012649","3","2022-10-14 05:31:09.012649","16015",
"<sqlalchemy.orm.state.InstanceState object at 0x7fe2a65c3550>","1","24248/1/2022-10-14 06:04:15.810718","4","2022-10-14 06:04:15.810718","24248",
"<sqlalchemy.orm.state.InstanceState object at 0x7fe2a65c35e0>","2","24248/2/2022-10-14 06:04:45.610979","1","2022-10-14 06:04:45.610979","24248",
"<sqlalchemy.orm.state.InstanceState object at 0x7fe2a65c3670>","3","24248/3/2022-10-14 06:05:24.510419","3","2022-10-14 06:05:24.510419","24248",
"<sqlalchemy.orm.state.InstanceState object at 0x7fe2a65c3700>","4","24248/4/2022-10-14 06:06:28.346785","2","2022-10-14 06:06:28.346785","24248",
"<sqlalchemy.orm.state.InstanceState object at 0x7fe2a65c3790>","1","14824/1/2022-10-14 06:17:40.478722","3","2022-10-14 06:17:40.478722","14824",
"<sqlalchemy.orm.state.InstanceState object at 0x7fe2a65c3820>","2","14824/2/2022-10-14 06:21:25.086476","2","2022-10-14 06:21:25.086476","14824",
"<sqlalchemy.orm.state.InstanceState object at 0x7fe2a65c38b0>","1","63157/1/2022-10-14 06:28:14.531471","4","2022-10-14 06:28:14.531471","63157",
"<sqlalchemy.orm.state.InstanceState object at 0x7fe2a65c3940>","1","19245/1/2022-10-14 06:30:34.088094","1","2022-10-14 06:30:34.088094","19245",
"<sqlalchemy.orm.state.InstanceState object at 0x7fe2a65c39d0>","2","19245/2/2022-10-14 06:31:05.204310","3","2022-10-14 06:31:05.204310","19245",
"<sqlalchemy.orm.state.InstanceState object at 0x7fe2a65c3a60>","3","19245/3/2022-10-14 06:31:30.937593","2","2022-10-14 06:31:30.937593","19245",
"<sqlalchemy.orm.state.InstanceState object at 0x7fe2a65c3af0>","1","46106/1/2022-10-14 06:32:02.442996","4","2022-10-14 06:32:02.442996","46106",
"<sqlalchemy.orm.state.InstanceState object at 0x7fe2a65c3b80>","4","19245/4/2022-10-14 06:32:03.031684","4","2022-10-14 06:32:03.031684","19245",
"<sqlalchemy.orm.state.InstanceState object at 0x7fe2a65c3c10>","1","77966/1/2022-10-14 06:32:49.253110","3","2022-10-14 06:32:49.253110","77966",
"<sqlalchemy.orm.state.InstanceState object at 0x7fe2a65c3ca0>","2","77966/2/2022-10-14 06:35:56.665493","4","2022-10-14 06:35:56.665493","77966",
"<sqlalchemy.orm.state.InstanceState object at 0x7fe2a65c3d30>","1","32113/1/2022-10-14 06:43:10.870772","2","2022-10-14 06:43:10.870772","32113",
"<sqlalchemy.orm.state.InstanceState object at 0x7fe2a65c3dc0>","2","32113/2/2022-10-14 06:46:58.776281","4","2022-10-14 06:46:58.776281","32113",
"<sqlalchemy.orm.state.InstanceState object at 0x7fe2a65c3e50>","3","32113/3/2022-10-14 06:49:00.441765","1","2022-10-14 06:49:00.441765","32113",
"<sqlalchemy.orm.state.InstanceState object at 0x7fe2a65c3ee0>","4","32113/4/2022-10-14 06:51:13.520693","3","2022-10-14 06:51:13.520693","32113",
"<sqlalchemy.orm.state.InstanceState object at 0x7fe2a65c3f70>","1","81663/1/2022-10-14 07:06:25.258195","4","2022-10-14 07:06:25.258195","81663",
"<sqlalchemy.orm.state.InstanceState object at 0x7fe2a65ca040>","1","70946/1/2022-10-14 07:08:54.485110","3","2022-10-14 07:08:54.485110","70946",
"<sqlalchemy.orm.state.InstanceState object at 0x7fe2a65ca0d0>","1","14815/1/2022-10-14 07:10:25.495685","1","2022-10-14 07:10:25.495685","14815",
"<sqlalchemy.orm.state.InstanceState object at 0x7fe2a65ca160>","2","14815/2/2022-10-14 07:13:05.233121","3","2022-10-14 07:13:05.233121","14815",
"<sqlalchemy.orm.state.InstanceState object at 0x7fe2a65ca1f0>","3","14815/3/2022-10-14 07:13:34.225926","2","2022-10-14 07:13:34.225926","14815",
"<sqlalchemy.orm.state.InstanceState object at 0x7fe2a65ca280>","1","22898/1/2022-10-14 07:13:43.542777","2","2022-10-14 07:13:43.542777","22898",
"<sqlalchemy.orm.state.InstanceState object at 0x7fe2a65ca310>","4","14815/4/2022-10-14 07:13:58.925729","4","2022-10-14 07:13:58.925729","14815",
"<sqlalchemy.orm.state.InstanceState object at 0x7fe2a65ca3a0>","2","22898/2/2022-10-14 07:15:58.045045","4","2022-10-14 07:15:58.045045","22898",
"<sqlalchemy.orm.state.InstanceState object at 0x7fe2a65ca430>","3","22898/3/2022-10-14 07:17:11.861308","1","2022-10-14 07:17:11.861308","22898",
"<sqlalchemy.orm.state.InstanceState object at 0x7fe2a65ca4c0>","1","64603/1/2022-10-14 07:17:49.952627","4","2022-10-14 07:17:49.952627","64603",
"<sqlalchemy.orm.state.InstanceState object at 0x7fe2a65ca550>","4","22898/4/2022-10-14 07:18:27.750088","3","2022-10-14 07:18:27.750088","22898",
"<sqlalchemy.orm.state.InstanceState object at 0x7fe2a65ca5e0>","2","64603/2/2022-10-14 07:20:27.147963","1","2022-10-14 07:20:27.147963","64603",
"<sqlalchemy.orm.state.InstanceState object at 0x7fe2a65ca670>","3","64603/3/2022-10-14 07:22:50.798861","2","2022-10-14 07:22:50.798861","64603",
"<sqlalchemy.orm.state.InstanceState object at 0x7fe2a65ca700>","4","64603/4/2022-10-14 07:26:09.187855","3","2022-10-14 07:26:09.187855","64603",

