_sa_instance_state, nudge_id, primary, timestamp_nudges, user_id
"<sqlalchemy.orm.state.InstanceState object at 0x7fe0af4e5c10>","1","485/label1/2022-10-12 14:02:52.477307","2022-10-12 14:02:52.492083","485",
"<sqlalchemy.orm.state.InstanceState object at 0x7fe0af4e5ca0>","3","485/label3/2022-10-12 14:03:20.688116","2022-10-12 14:03:20.693656","485",
"<sqlalchemy.orm.state.InstanceState object at 0x7fe0af4e5d30>","1","577/label1/2022-10-12 14:03:56.666858","2022-10-12 14:03:56.671359","577",
"<sqlalchemy.orm.state.InstanceState object at 0x7fe0af4e5df0>","4","577/label4/2022-10-12 14:06:07.755733","2022-10-12 14:06:07.778087","577",
"<sqlalchemy.orm.state.InstanceState object at 0x7fe0af4e5eb0>","3","577/label3/2022-10-12 14:09:26.367406","2022-10-12 14:09:26.388763","577",
"<sqlalchemy.orm.state.InstanceState object at 0x7fe0af4e5f70>","2","577/label2/2022-10-12 14:10:24.658512","2022-10-12 14:10:24.665274","577",
"<sqlalchemy.orm.state.InstanceState object at 0x7fe0af4e8070>","4","578/label4/2022-10-12 14:12:41.758243","2022-10-12 14:12:41.765929","578",
"<sqlalchemy.orm.state.InstanceState object at 0x7fe0af4e8130>","1","482/label1/2022-10-12 14:12:57.972242","2022-10-12 14:12:57.976556","482",
"<sqlalchemy.orm.state.InstanceState object at 0x7fe0af4e81f0>","2","482/label2/2022-10-12 14:17:05.775570","2022-10-12 14:17:05.786020","482",
"<sqlalchemy.orm.state.InstanceState object at 0x7fe0af4e82b0>","3","876/label3/2022-10-12 14:27:14.210555","2022-10-12 14:27:14.221480","876",
"<sqlalchemy.orm.state.InstanceState object at 0x7fe0af4e8370>","1","907/label1/2022-10-12 14:28:26.011458","2022-10-12 14:28:26.021960","907",
"<sqlalchemy.orm.state.InstanceState object at 0x7fe0af4e8430>","3","951/label3/2022-10-12 15:51:41.588395","2022-10-12 15:51:41.600537","951",
"<sqlalchemy.orm.state.InstanceState object at 0x7fe0af4e84f0>","3","952/label3/2022-10-12 16:00:11.551682","2022-10-12 16:00:11.564250","952",
"<sqlalchemy.orm.state.InstanceState object at 0x7fe0af4e85b0>","2","953/label2/2022-10-12 16:01:35.702939","2022-10-12 16:01:35.706776","953",
"<sqlalchemy.orm.state.InstanceState object at 0x7fe0af4e8670>","4","953/label4/2022-10-12 16:22:15.544720","2022-10-12 16:22:15.555971","953",
"<sqlalchemy.orm.state.InstanceState object at 0x7fe0af4e8730>","3","377/label3/2022-10-12 16:26:44.583856","2022-10-12 16:26:44.595073","377",
"<sqlalchemy.orm.state.InstanceState object at 0x7fe0af4e87f0>","2","960/label2/2022-10-12 16:30:25.486872","2022-10-12 16:30:25.509538","960",
"<sqlalchemy.orm.state.InstanceState object at 0x7fe0af4e88b0>","3","953/label3/2022-10-12 16:30:33.375797","2022-10-12 16:30:33.379626","953",
"<sqlalchemy.orm.state.InstanceState object at 0x7fe0af4e8970>","3","954/label3/2022-10-12 16:31:45.502634","2022-10-12 16:31:45.514463","954",
"<sqlalchemy.orm.state.InstanceState object at 0x7fe0af4e8a30>","3","955/label3/2022-10-12 16:39:56.446954","2022-10-12 16:39:56.453490","955",
"<sqlalchemy.orm.state.InstanceState object at 0x7fe0af4e8af0>","2","956/label2/2022-10-12 16:43:33.047975","2022-10-12 16:43:33.059290","956",
"<sqlalchemy.orm.state.InstanceState object at 0x7fe0af4e8bb0>","4","956/label4/2022-10-12 16:48:41.749972","2022-10-12 16:48:41.759333","956",
"<sqlalchemy.orm.state.InstanceState object at 0x7fe0af4e8c70>","1","956/label1/2022-10-12 16:50:14.129027","2022-10-12 16:50:14.139488","956",
"<sqlalchemy.orm.state.InstanceState object at 0x7fe0af4e8d30>","4","957/label4/2022-10-12 16:52:33.977223","2022-10-12 16:52:33.983934","957",
"<sqlalchemy.orm.state.InstanceState object at 0x7fe0af4e8df0>","3","958/label3/2022-10-12 16:53:28.483736","2022-10-12 16:53:28.492455","958",
"<sqlalchemy.orm.state.InstanceState object at 0x7fe0af4e8eb0>","1","959/label1/2022-10-12 16:54:22.628850","2022-10-12 16:54:22.637201","959",
"<sqlalchemy.orm.state.InstanceState object at 0x7fe0af4e8f70>","3","960/label3/2022-10-12 17:13:27.051595","2022-10-12 17:13:27.061731","960",
"<sqlalchemy.orm.state.InstanceState object at 0x7fe0af4ec070>","4","960/label4/2022-10-12 17:13:32.004587","2022-10-12 17:13:32.015111","960",
"<sqlalchemy.orm.state.InstanceState object at 0x7fe0af4ec130>","1","960/label1/2022-10-12 17:14:50.517172","2022-10-12 17:14:50.531376","960",
"<sqlalchemy.orm.state.InstanceState object at 0x7fe0af4ec1f0>","4","961/label4/2022-10-12 17:15:06.599256","2022-10-12 17:15:06.604574","961",
"<sqlalchemy.orm.state.InstanceState object at 0x7fe0af4ec2b0>","1","961/label1/2022-10-12 17:15:10.604738","2022-10-12 17:15:10.616480","961",
"<sqlalchemy.orm.state.InstanceState object at 0x7fe0af4ec370>","2","962/label2/2022-10-12 17:26:18.723736","2022-10-12 17:26:18.736134","962",
"<sqlalchemy.orm.state.InstanceState object at 0x7fe0af4ec430>","1","962/label1/2022-10-12 17:26:23.076609","2022-10-12 17:26:23.081889","962",
"<sqlalchemy.orm.state.InstanceState object at 0x7fe0af4ec4f0>","3","962/label3/2022-10-12 17:26:28.066103","2022-10-12 17:26:28.076767","962",
"<sqlalchemy.orm.state.InstanceState object at 0x7fe0af4ec5b0>","4","962/label4/2022-10-12 17:26:34.071515","2022-10-12 17:26:34.084108","962",
"<sqlalchemy.orm.state.InstanceState object at 0x7fe0af4ec670>","2","963/label2/2022-10-12 17:27:43.601937","2022-10-12 17:27:43.607368","963",
"<sqlalchemy.orm.state.InstanceState object at 0x7fe0af4ec730>","4","963/label4/2022-10-12 17:29:08.862711","2022-10-12 17:29:08.869673","963",
"<sqlalchemy.orm.state.InstanceState object at 0x7fe0af4ec7f0>","1","963/label1/2022-10-12 17:29:13.500557","2022-10-12 17:29:13.513945","963",
"<sqlalchemy.orm.state.InstanceState object at 0x7fe0af4ec8b0>","3","963/label3/2022-10-12 17:29:18.270484","2022-10-12 17:29:18.280762","963",
"<sqlalchemy.orm.state.InstanceState object at 0x7fe0af4ec970>","1","432/label1/2022-10-12 17:31:45.013532","2022-10-12 17:31:45.039374","432",
"<sqlalchemy.orm.state.InstanceState object at 0x7fe0af4eca30>","2","432/label2/2022-10-12 17:31:51.662692","2022-10-12 17:31:51.680642","432",
"<sqlalchemy.orm.state.InstanceState object at 0x7fe0af4ecaf0>","3","432/label3/2022-10-12 17:31:58.384054","2022-10-12 17:31:58.391033","432",
"<sqlalchemy.orm.state.InstanceState object at 0x7fe0af4ecbb0>","4","432/label4/2022-10-12 17:32:06.746923","2022-10-12 17:32:06.759246","432",
"<sqlalchemy.orm.state.InstanceState object at 0x7fe0af4ecc70>","3","28062/label3/2022-10-12 17:36:31.466178","2022-10-12 17:36:31.479905","28062",
"<sqlalchemy.orm.state.InstanceState object at 0x7fe0af4ecd30>","1","28062/label1/2022-10-12 17:36:40.965247","2022-10-12 17:36:40.973831","28062",
"<sqlalchemy.orm.state.InstanceState object at 0x7fe0af4ecdf0>","2","28062/label2/2022-10-12 17:36:49.095207","2022-10-12 17:36:49.103244","28062",
"<sqlalchemy.orm.state.InstanceState object at 0x7fe0af4eceb0>","4","28062/label4/2022-10-12 17:36:56.087346","2022-10-12 17:36:56.094712","28062",
"<sqlalchemy.orm.state.InstanceState object at 0x7fe0af4ecf70>","2","94581/label2/2022-10-12 17:57:45.110386","2022-10-12 17:57:45.130248","94581",
"<sqlalchemy.orm.state.InstanceState object at 0x7fe0af4f0070>","1","94581/label1/2022-10-12 17:58:20.098090","2022-10-12 17:58:20.114719","94581",
"<sqlalchemy.orm.state.InstanceState object at 0x7fe0af4f0130>","3","94581/label3/2022-10-12 17:58:26.888722","2022-10-12 17:58:26.903761","94581",
"<sqlalchemy.orm.state.InstanceState object at 0x7fe0af4f01f0>","4","94581/label4/2022-10-12 17:58:33.321888","2022-10-12 17:58:33.343596","94581",
"<sqlalchemy.orm.state.InstanceState object at 0x7fe0af4f02b0>","1","24899/label1/2022-10-12 18:21:14.203175","2022-10-12 18:21:14.223457","24899",
"<sqlalchemy.orm.state.InstanceState object at 0x7fe0af4f0370>","2","24899/label2/2022-10-12 18:21:19.825396","2022-10-12 18:21:19.832794","24899",
"<sqlalchemy.orm.state.InstanceState object at 0x7fe0af4f0430>","3","24899/label3/2022-10-12 18:21:24.698265","2022-10-12 18:21:24.712563","24899",
"<sqlalchemy.orm.state.InstanceState object at 0x7fe0af4f04f0>","4","24899/label4/2022-10-12 18:21:30.272956","2022-10-12 18:21:30.283464","24899",
"<sqlalchemy.orm.state.InstanceState object at 0x7fe0af4f05b0>","2","53740/label2/2022-10-13 09:06:27.083903","2022-10-13 09:06:27.094965","53740",
"<sqlalchemy.orm.state.InstanceState object at 0x7fe0af4f0670>","4","53740/label4/2022-10-13 09:06:40.347689","2022-10-13 09:06:40.359618","53740",
"<sqlalchemy.orm.state.InstanceState object at 0x7fe0af4f0730>","1","53740/label1/2022-10-13 09:06:50.369335","2022-10-13 09:06:50.377215","53740",
"<sqlalchemy.orm.state.InstanceState object at 0x7fe0af4f07f0>","3","53740/label3/2022-10-13 09:06:58.140114","2022-10-13 09:06:58.147098","53740",
"<sqlalchemy.orm.state.InstanceState object at 0x7fe0af4f08b0>","3","722/label3/2022-10-13 09:25:41.100558","2022-10-13 09:25:41.112986","722",
"<sqlalchemy.orm.state.InstanceState object at 0x7fe0af4f0970>","4","722/label4/2022-10-13 09:25:57.184883","2022-10-13 09:25:57.195604","722",
"<sqlalchemy.orm.state.InstanceState object at 0x7fe0af4f0a30>","1","722/label1/2022-10-13 09:26:07.521808","2022-10-13 09:26:07.528197","722",
"<sqlalchemy.orm.state.InstanceState object at 0x7fe0af4f0af0>","2","722/label2/2022-10-13 09:27:26.761995","2022-10-13 09:27:26.777217","722",
"<sqlalchemy.orm.state.InstanceState object at 0x7fe0af4f0bb0>","1","723/label1/2022-10-13 09:28:20.296264","2022-10-13 09:28:20.306920","723",
"<sqlalchemy.orm.state.InstanceState object at 0x7fe0af4f0c70>","2","723/label2/2022-10-13 09:29:28.832246","2022-10-13 09:29:28.850006","723",
"<sqlalchemy.orm.state.InstanceState object at 0x7fe0af4f0d30>","3","723/label3/2022-10-13 09:30:30.874381","2022-10-13 09:30:30.898820","723",
"<sqlalchemy.orm.state.InstanceState object at 0x7fe0af4f0df0>","4","723/label4/2022-10-13 09:33:56.925719","2022-10-13 09:33:56.936871","723",
"<sqlalchemy.orm.state.InstanceState object at 0x7fe0af4f0eb0>","4","724/label4/2022-10-13 09:37:31.116671","2022-10-13 09:37:31.126841","724",
"<sqlalchemy.orm.state.InstanceState object at 0x7fe0af4f0f70>","1","724/label1/2022-10-13 09:39:42.817605","2022-10-13 09:39:42.843455","724",
"<sqlalchemy.orm.state.InstanceState object at 0x7fe0af4f6070>","3","724/label3/2022-10-13 09:44:22.460921","2022-10-13 09:44:22.470489","724",
"<sqlalchemy.orm.state.InstanceState object at 0x7fe0af4f6130>","2","724/label2/2022-10-13 09:47:45.645478","2022-10-13 09:47:45.656057","724",
"<sqlalchemy.orm.state.InstanceState object at 0x7fe0af4f61f0>","4","725/label4/2022-10-13 09:48:54.802315","2022-10-13 09:48:54.811008","725",
"<sqlalchemy.orm.state.InstanceState object at 0x7fe0af4f62b0>","1","725/label1/2022-10-13 09:49:29.454624","2022-10-13 09:49:29.471805","725",
"<sqlalchemy.orm.state.InstanceState object at 0x7fe0af4f6370>","2","725/label2/2022-10-13 09:50:41.896479","2022-10-13 09:50:41.917761","725",
"<sqlalchemy.orm.state.InstanceState object at 0x7fe0af4f6430>","3","725/label3/2022-10-13 10:01:22.493044","2022-10-13 10:01:22.503259","725",
"<sqlalchemy.orm.state.InstanceState object at 0x7fe0af4f64f0>","2","726/label2/2022-10-13 10:06:38.209862","2022-10-13 10:06:38.221072","726",
"<sqlalchemy.orm.state.InstanceState object at 0x7fe0af4f65b0>","4","726/label4/2022-10-13 10:08:05.840331","2022-10-13 10:08:05.859523","726",
"<sqlalchemy.orm.state.InstanceState object at 0x7fe0af4f6670>","3","726/label3/2022-10-13 10:11:35.280119","2022-10-13 10:11:35.304703","726",
"<sqlalchemy.orm.state.InstanceState object at 0x7fe0af4f6730>","1","726/label1/2022-10-13 10:11:59.562114","2022-10-13 10:11:59.574658","726",
"<sqlalchemy.orm.state.InstanceState object at 0x7fe0af4f67f0>","1","727/label1/2022-10-13 10:12:32.561288","2022-10-13 10:12:32.566888","727",
"<sqlalchemy.orm.state.InstanceState object at 0x7fe0af4f68b0>","4","727/label4/2022-10-13 10:12:39.543800","2022-10-13 10:12:39.557764","727",
"<sqlalchemy.orm.state.InstanceState object at 0x7fe0af4f6970>","2","727/label2/2022-10-13 10:12:45.068432","2022-10-13 10:12:45.080939","727",
"<sqlalchemy.orm.state.InstanceState object at 0x7fe0af4f6a30>","1","60335/label1/2022-10-13 10:19:59.580416","2022-10-13 10:19:59.601976","60335",
"<sqlalchemy.orm.state.InstanceState object at 0x7fe0af4f6af0>","3","60335/label3/2022-10-13 10:20:05.330419","2022-10-13 10:20:05.346736","60335",
"<sqlalchemy.orm.state.InstanceState object at 0x7fe0af4f6bb0>","2","60335/label2/2022-10-13 10:20:10.577795","2022-10-13 10:20:10.584703","60335",
"<sqlalchemy.orm.state.InstanceState object at 0x7fe0af4f6c70>","4","60335/label4/2022-10-13 10:20:20.027191","2022-10-13 10:20:20.033161","60335",
"<sqlalchemy.orm.state.InstanceState object at 0x7fe0af4f6d30>","4","31416/label4/2022-10-13 11:13:54.729603","2022-10-13 11:13:54.740707","31416",
"<sqlalchemy.orm.state.InstanceState object at 0x7fe0af4f6df0>","2","31416/label2/2022-10-13 11:14:04.453009","2022-10-13 11:14:04.466527","31416",
"<sqlalchemy.orm.state.InstanceState object at 0x7fe0af4f6eb0>","1","31416/label1/2022-10-13 11:14:14.793891","2022-10-13 11:14:14.923114","31416",
"<sqlalchemy.orm.state.InstanceState object at 0x7fe0af4f6f70>","3","31416/label3/2022-10-13 11:14:26.207784","2022-10-13 11:14:26.215472","31416",
"<sqlalchemy.orm.state.InstanceState object at 0x7fe0af4fb070>","4","87305/label4/2022-10-13 11:50:10.976150","2022-10-13 11:50:10.987716","87305",
"<sqlalchemy.orm.state.InstanceState object at 0x7fe0af4fb130>","3","77271/label3/2022-10-13 11:50:17.326954","2022-10-13 11:50:17.337168","77271",
"<sqlalchemy.orm.state.InstanceState object at 0x7fe0af4fb1f0>","1","77271/label1/2022-10-13 11:51:51.378398","2022-10-13 11:51:51.391630","77271",
"<sqlalchemy.orm.state.InstanceState object at 0x7fe0af4fb2b0>","3","87305/label3/2022-10-13 11:52:50.853101","2022-10-13 11:52:50.859825","87305",
"<sqlalchemy.orm.state.InstanceState object at 0x7fe0af4fb370>","2","77271/label2/2022-10-13 11:53:02.691945","2022-10-13 11:53:02.698447","77271",
"<sqlalchemy.orm.state.InstanceState object at 0x7fe0af4fb430>","2","31450/label2/2022-10-13 11:53:10.411726","2022-10-13 11:53:10.418100","31450",
"<sqlalchemy.orm.state.InstanceState object at 0x7fe0af4fb4f0>","2","87305/label2/2022-10-13 11:54:02.604160","2022-10-13 11:54:02.614288","87305",
"<sqlalchemy.orm.state.InstanceState object at 0x7fe0af4fb5b0>","4","77271/label4/2022-10-13 11:54:41.803983","2022-10-13 11:54:41.811163","77271",
"<sqlalchemy.orm.state.InstanceState object at 0x7fe0af4fb670>","4","50959/label4/2022-10-13 11:55:49.847669","2022-10-13 11:55:49.858854","50959",
"<sqlalchemy.orm.state.InstanceState object at 0x7fe0af4fb730>","1","93333/label1/2022-10-13 11:58:17.755442","2022-10-13 11:58:17.765329","93333",
"<sqlalchemy.orm.state.InstanceState object at 0x7fe0af4fb7f0>","4","93333/label4/2022-10-13 12:00:53.552108","2022-10-13 12:00:53.560955","93333",
"<sqlalchemy.orm.state.InstanceState object at 0x7fe0af4fb8b0>","3","49927/label3/2022-10-13 12:01:03.287923","2022-10-13 12:01:03.298228","49927",
"<sqlalchemy.orm.state.InstanceState object at 0x7fe0af4fb970>","4","49927/label4/2022-10-13 12:01:14.554712","2022-10-13 12:01:14.561641","49927",
"<sqlalchemy.orm.state.InstanceState object at 0x7fe0af4fba30>","1","49927/label1/2022-10-13 12:04:03.951469","2022-10-13 12:04:03.961307","49927",
"<sqlalchemy.orm.state.InstanceState object at 0x7fe0af4fbaf0>","3","93333/label3/2022-10-13 12:04:38.965278","2022-10-13 12:04:38.972675","93333",
"<sqlalchemy.orm.state.InstanceState object at 0x7fe0af4fbbb0>","2","49927/label2/2022-10-13 12:04:50.663470","2022-10-13 12:04:50.672957","49927",
"<sqlalchemy.orm.state.InstanceState object at 0x7fe0af4fbc70>","2","93333/label2/2022-10-13 12:06:04.070813","2022-10-13 12:06:04.078903","93333",
"<sqlalchemy.orm.state.InstanceState object at 0x7fe0af4fbd30>","4","64844/label4/2022-10-13 12:08:04.508972","2022-10-13 12:08:04.516642","64844",
"<sqlalchemy.orm.state.InstanceState object at 0x7fe0af4fbdf0>","4","13063/label4/2022-10-13 12:08:19.714565","2022-10-13 12:08:19.720912","13063",
"<sqlalchemy.orm.state.InstanceState object at 0x7fe0af4fbeb0>","3","13063/label3/2022-10-13 12:09:01.704889","2022-10-13 12:09:01.712239","13063",
"<sqlalchemy.orm.state.InstanceState object at 0x7fe0af4fbf70>","2","64917/label2/2022-10-13 12:09:06.498932","2022-10-13 12:09:06.510105","64917",
"<sqlalchemy.orm.state.InstanceState object at 0x7fe0af47f070>","1","64844/label1/2022-10-13 12:09:19.033556","2022-10-13 12:09:19.041116","64844",
"<sqlalchemy.orm.state.InstanceState object at 0x7fe0af47f130>","1","51816/label1/2022-10-13 12:09:23.948956","2022-10-13 12:09:23.957808","51816",
"<sqlalchemy.orm.state.InstanceState object at 0x7fe0af47f1f0>","4","86604/label4/2022-10-13 12:09:32.346012","2022-10-13 12:09:32.354414","86604",
"<sqlalchemy.orm.state.InstanceState object at 0x7fe0af47f2b0>","2","13063/label2/2022-10-13 12:09:46.488470","2022-10-13 12:09:46.715920","13063",
"<sqlalchemy.orm.state.InstanceState object at 0x7fe0af47f370>","3","64844/label3/2022-10-13 12:10:06.156784","2022-10-13 12:10:06.177872","64844",
"<sqlalchemy.orm.state.InstanceState object at 0x7fe0af47f430>","1","13063/label1/2022-10-13 12:10:07.423850","2022-10-13 12:10:07.438635","13063",
"<sqlalchemy.orm.state.InstanceState object at 0x7fe0af47f4f0>","4","66024/label4/2022-10-13 12:10:26.175912","2022-10-13 12:10:26.183088","66024",
"<sqlalchemy.orm.state.InstanceState object at 0x7fe0af47f5b0>","2","51816/label2/2022-10-13 12:10:34.944325","2022-10-13 12:10:34.951246","51816",
"<sqlalchemy.orm.state.InstanceState object at 0x7fe0af47f670>","2","64844/label2/2022-10-13 12:11:05.099788","2022-10-13 12:11:05.106801","64844",
"<sqlalchemy.orm.state.InstanceState object at 0x7fe0af47f730>","3","66024/label3/2022-10-13 12:11:12.654623","2022-10-13 12:11:12.661719","66024",
"<sqlalchemy.orm.state.InstanceState object at 0x7fe0af47f7f0>","4","24893/label4/2022-10-13 12:11:25.773609","2022-10-13 12:11:25.780355","24893",
"<sqlalchemy.orm.state.InstanceState object at 0x7fe0af47f8b0>","4","51816/label4/2022-10-13 12:11:41.052319","2022-10-13 12:11:41.059861","51816",
"<sqlalchemy.orm.state.InstanceState object at 0x7fe0af47f970>","2","66024/label2/2022-10-13 12:11:44.541247","2022-10-13 12:11:44.549600","66024",
"<sqlalchemy.orm.state.InstanceState object at 0x7fe0af47fa30>","1","66024/label1/2022-10-13 12:11:54.359324","2022-10-13 12:11:54.367680","66024",
"<sqlalchemy.orm.state.InstanceState object at 0x7fe0af47faf0>","1","30622/label1/2022-10-13 12:12:21.052709","2022-10-13 12:12:21.059893","30622",
"<sqlalchemy.orm.state.InstanceState object at 0x7fe0af47fbb0>","1","24893/label1/2022-10-13 12:12:25.214224","2022-10-13 12:12:25.221053","24893",
"<sqlalchemy.orm.state.InstanceState object at 0x7fe0af47fc70>","4","77788/label4/2022-10-13 12:12:35.641486","2022-10-13 12:12:35.649004","77788",
"<sqlalchemy.orm.state.InstanceState object at 0x7fe0af47fd30>","1","77788/label1/2022-10-13 12:13:06.249347","2022-10-13 12:13:06.257142","77788",
"<sqlalchemy.orm.state.InstanceState object at 0x7fe0af47fdf0>","1","86604/label1/2022-10-13 12:13:09.130596","2022-10-13 12:13:09.136468","86604",
"<sqlalchemy.orm.state.InstanceState object at 0x7fe0af47feb0>","3","51816/label3/2022-10-13 12:13:23.245774","2022-10-13 12:13:23.252841","51816",
"<sqlalchemy.orm.state.InstanceState object at 0x7fe0af47ff70>","2","30622/label2/2022-10-13 12:13:41.083189","2022-10-13 12:13:41.090965","30622",
"<sqlalchemy.orm.state.InstanceState object at 0x7fe0af484070>","3","48405/label3/2022-10-13 12:13:49.917040","2022-10-13 12:13:49.925645","48405",
"<sqlalchemy.orm.state.InstanceState object at 0x7fe0af484130>","3","72315/label3/2022-10-13 12:14:11.898847","2022-10-13 12:14:11.907878","72315",
"<sqlalchemy.orm.state.InstanceState object at 0x7fe0af4841f0>","2","24893/label2/2022-10-13 12:15:30.162971","2022-10-13 12:15:30.172285","24893",
"<sqlalchemy.orm.state.InstanceState object at 0x7fe0af4842b0>","3","30622/label3/2022-10-13 12:15:31.117350","2022-10-13 12:15:31.125413","30622",
"<sqlalchemy.orm.state.InstanceState object at 0x7fe0af484370>","3","20217/label3/2022-10-13 12:15:37.878023","2022-10-13 12:15:37.884755","20217",
"<sqlalchemy.orm.state.InstanceState object at 0x7fe0af484430>","4","48405/label4/2022-10-13 12:15:39.513398","2022-10-13 12:15:39.519676","48405",
"<sqlalchemy.orm.state.InstanceState object at 0x7fe0af4844f0>","1","48405/label1/2022-10-13 12:16:00.175488","2022-10-13 12:16:00.183311","48405",
"<sqlalchemy.orm.state.InstanceState object at 0x7fe0af4845b0>","2","48405/label2/2022-10-13 12:16:26.970147","2022-10-13 12:16:27.031074","48405",
"<sqlalchemy.orm.state.InstanceState object at 0x7fe0af484670>","4","30622/label4/2022-10-13 12:16:49.765810","2022-10-13 12:16:49.772556","30622",
"<sqlalchemy.orm.state.InstanceState object at 0x7fe0af484730>","1","20217/label1/2022-10-13 12:16:53.482137","2022-10-13 12:16:53.488742","20217",
"<sqlalchemy.orm.state.InstanceState object at 0x7fe0af4847f0>","1","72315/label1/2022-10-13 12:16:58.191134","2022-10-13 12:16:58.198061","72315",
"<sqlalchemy.orm.state.InstanceState object at 0x7fe0af4848b0>","3","24893/label3/2022-10-13 12:17:19.318127","2022-10-13 12:17:19.328767","24893",
"<sqlalchemy.orm.state.InstanceState object at 0x7fe0af484970>","4","20217/label4/2022-10-13 12:18:44.484164","2022-10-13 12:18:44.491137","20217",
"<sqlalchemy.orm.state.InstanceState object at 0x7fe0af484a30>","2","86604/label2/2022-10-13 12:18:49.329484","2022-10-13 12:18:49.335469","86604",
"<sqlalchemy.orm.state.InstanceState object at 0x7fe0af484af0>","2","72315/label2/2022-10-13 12:18:55.888945","2022-10-13 12:18:55.899825","72315",
"<sqlalchemy.orm.state.InstanceState object at 0x7fe0af484bb0>","1","62540/label1/2022-10-13 12:19:23.945037","2022-10-13 12:19:23.952583","62540",
"<sqlalchemy.orm.state.InstanceState object at 0x7fe0af484c70>","1","88714/label1/2022-10-13 12:19:53.229211","2022-10-13 12:19:53.236476","88714",
"<sqlalchemy.orm.state.InstanceState object at 0x7fe0af484d30>","3","15142/label3/2022-10-13 12:20:01.664192","2022-10-13 12:20:01.673277","15142",
"<sqlalchemy.orm.state.InstanceState object at 0x7fe0af484df0>","3","47887/label3/2022-10-13 12:20:11.759724","2022-10-13 12:20:11.767924","47887",
"<sqlalchemy.orm.state.InstanceState object at 0x7fe0af484eb0>","1","68122/label1/2022-10-13 12:20:15.807146","2022-10-13 12:20:15.815228","68122",
"<sqlalchemy.orm.state.InstanceState object at 0x7fe0af484f70>","2","20217/label2/2022-10-13 12:20:47.315578","2022-10-13 12:20:47.321061","20217",
"<sqlalchemy.orm.state.InstanceState object at 0x7fe0af489070>","3","62540/label3/2022-10-13 12:21:15.453397","2022-10-13 12:21:15.459690","62540",
"<sqlalchemy.orm.state.InstanceState object at 0x7fe0af489130>","4","72315/label4/2022-10-13 12:21:29.796077","2022-10-13 12:21:29.803458","72315",
"<sqlalchemy.orm.state.InstanceState object at 0x7fe0af4891f0>","4","88714/label4/2022-10-13 12:21:32.408029","2022-10-13 12:21:32.415131","88714",
"<sqlalchemy.orm.state.InstanceState object at 0x7fe0af4892b0>","3","68122/label3/2022-10-13 12:21:42.064857","2022-10-13 12:21:42.072979","68122",
"<sqlalchemy.orm.state.InstanceState object at 0x7fe0af489370>","1","15142/label1/2022-10-13 12:22:10.151415","2022-10-13 12:22:10.158231","15142",
"<sqlalchemy.orm.state.InstanceState object at 0x7fe0af489430>","3","16635/label3/2022-10-13 12:22:11.043409","2022-10-13 12:22:11.050274","16635",
"<sqlalchemy.orm.state.InstanceState object at 0x7fe0af4894f0>","4","19785/label4/2022-10-13 12:22:16.416827","2022-10-13 12:22:16.689622","19785",
"<sqlalchemy.orm.state.InstanceState object at 0x7fe0af4895b0>","2","16635/label2/2022-10-13 12:22:35.060885","2022-10-13 12:22:35.067986","16635",
"<sqlalchemy.orm.state.InstanceState object at 0x7fe0af489670>","4","68122/label4/2022-10-13 12:22:36.403783","2022-10-13 12:22:36.410047","68122",
"<sqlalchemy.orm.state.InstanceState object at 0x7fe0af489730>","1","16635/label1/2022-10-13 12:22:55.798825","2022-10-13 12:22:55.806573","16635",
"<sqlalchemy.orm.state.InstanceState object at 0x7fe0af4897f0>","4","16635/label4/2022-10-13 12:23:06.662481","2022-10-13 12:23:06.669553","16635",
"<sqlalchemy.orm.state.InstanceState object at 0x7fe0af4898b0>","2","62540/label2/2022-10-13 12:23:10.965746","2022-10-13 12:23:10.973347","62540",
"<sqlalchemy.orm.state.InstanceState object at 0x7fe0af489970>","3","19785/label3/2022-10-13 12:23:33.898778","2022-10-13 12:23:33.905392","19785",
"<sqlalchemy.orm.state.InstanceState object at 0x7fe0af489a30>","2","15142/label2/2022-10-13 12:23:43.181872","2022-10-13 12:23:43.188107","15142",
"<sqlalchemy.orm.state.InstanceState object at 0x7fe0af489af0>","2","68122/label2/2022-10-13 12:24:38.856981","2022-10-13 12:24:38.863432","68122",
"<sqlalchemy.orm.state.InstanceState object at 0x7fe0af489bb0>","1","19785/label1/2022-10-13 12:24:42.500387","2022-10-13 12:24:42.507305","19785",
"<sqlalchemy.orm.state.InstanceState object at 0x7fe0af489c70>","4","83224/label4/2022-10-13 12:24:51.103199","2022-10-13 12:24:51.453305","83224",
"<sqlalchemy.orm.state.InstanceState object at 0x7fe0af489d30>","2","19785/label2/2022-10-13 12:25:29.466627","2022-10-13 12:25:29.473845","19785",
"<sqlalchemy.orm.state.InstanceState object at 0x7fe0af489df0>","3","83224/label3/2022-10-13 12:25:31.791028","2022-10-13 12:25:31.797133","83224",
"<sqlalchemy.orm.state.InstanceState object at 0x7fe0af489eb0>","4","62540/label4/2022-10-13 12:25:43.670015","2022-10-13 12:25:43.677587","62540",
"<sqlalchemy.orm.state.InstanceState object at 0x7fe0af489f70>","1","50922/label1/2022-10-13 12:25:52.633812","2022-10-13 12:25:52.640478","50922",
"<sqlalchemy.orm.state.InstanceState object at 0x7fe0af48d070>","2","83224/label2/2022-10-13 12:26:02.080208","2022-10-13 12:26:02.087468","83224",
"<sqlalchemy.orm.state.InstanceState object at 0x7fe0af48d130>","4","15142/label4/2022-10-13 12:26:11.707891","2022-10-13 12:26:11.714390","15142",
"<sqlalchemy.orm.state.InstanceState object at 0x7fe0af48d1f0>","1","83224/label1/2022-10-13 12:26:36.159308","2022-10-13 12:26:36.165143","83224",
"<sqlalchemy.orm.state.InstanceState object at 0x7fe0af48d2b0>","2","30064/label2/2022-10-13 12:27:14.057232","2022-10-13 12:27:14.064952","30064",
"<sqlalchemy.orm.state.InstanceState object at 0x7fe0af48d370>","2","41731/label2/2022-10-13 12:27:22.897737","2022-10-13 12:27:22.904538","41731",
"<sqlalchemy.orm.state.InstanceState object at 0x7fe0af48d430>","3","86604/label3/2022-10-13 12:28:04.346574","2022-10-13 12:28:04.351969","86604",
"<sqlalchemy.orm.state.InstanceState object at 0x7fe0af48d4f0>","2","50922/label2/2022-10-13 12:28:44.453692","2022-10-13 12:28:44.460326","50922",
"<sqlalchemy.orm.state.InstanceState object at 0x7fe0af48d5b0>","3","70825/label3/2022-10-13 12:28:57.873145","2022-10-13 12:28:57.882232","70825",
"<sqlalchemy.orm.state.InstanceState object at 0x7fe0af48d670>","3","32332/label3/2022-10-13 12:29:38.313028","2022-10-13 12:29:38.320816","32332",
"<sqlalchemy.orm.state.InstanceState object at 0x7fe0af48d730>","1","70825/label1/2022-10-13 12:29:46.198955","2022-10-13 12:29:46.204642","70825",
"<sqlalchemy.orm.state.InstanceState object at 0x7fe0af48d7f0>","1","17779/label1/2022-10-13 12:29:47.303696","2022-10-13 12:29:47.313240","17779",
"<sqlalchemy.orm.state.InstanceState object at 0x7fe0af48d8b0>","4","57601/label4/2022-10-13 12:30:14.520192","2022-10-13 12:30:14.527564","57601",
"<sqlalchemy.orm.state.InstanceState object at 0x7fe0af48d970>","3","30064/label3/2022-10-13 12:30:20.578751","2022-10-13 12:30:20.585861","30064",
"<sqlalchemy.orm.state.InstanceState object at 0x7fe0af48da30>","2","32332/label2/2022-10-13 12:31:09.081766","2022-10-13 12:31:09.089607","32332",
"<sqlalchemy.orm.state.InstanceState object at 0x7fe0af48daf0>","4","70825/label4/2022-10-13 12:31:23.261534","2022-10-13 12:31:23.267884","70825",
"<sqlalchemy.orm.state.InstanceState object at 0x7fe0af48dbb0>","4","50922/label4/2022-10-13 12:31:56.198951","2022-10-13 12:31:56.207335","50922",
"<sqlalchemy.orm.state.InstanceState object at 0x7fe0af48dc70>","2","31609/label2/2022-10-13 12:32:05.968142","2022-10-13 12:32:05.978124","31609",
"<sqlalchemy.orm.state.InstanceState object at 0x7fe0af48dd30>","4","30064/label4/2022-10-13 12:32:08.227788","2022-10-13 12:32:08.235626","30064",
"<sqlalchemy.orm.state.InstanceState object at 0x7fe0af48ddf0>","3","64321/label3/2022-10-13 12:32:22.184856","2022-10-13 12:32:22.191871","64321",
"<sqlalchemy.orm.state.InstanceState object at 0x7fe0af48deb0>","2","70825/label2/2022-10-13 12:32:34.642873","2022-10-13 12:32:34.650744","70825",
"<sqlalchemy.orm.state.InstanceState object at 0x7fe0af48df70>","4","16826/label4/2022-10-13 12:32:46.168109","2022-10-13 12:32:46.175492","16826",
"<sqlalchemy.orm.state.InstanceState object at 0x7fe0af493070>","1","31609/label1/2022-10-13 12:33:03.840561","2022-10-13 12:33:03.847018","31609",
"<sqlalchemy.orm.state.InstanceState object at 0x7fe0af493130>","4","31609/label4/2022-10-13 12:33:12.802843","2022-10-13 12:33:12.809336","31609",
"<sqlalchemy.orm.state.InstanceState object at 0x7fe0af4931f0>","3","31609/label3/2022-10-13 12:33:23.613022","2022-10-13 12:33:23.619687","31609",
"<sqlalchemy.orm.state.InstanceState object at 0x7fe0af4932b0>","4","32332/label4/2022-10-13 12:33:41.689603","2022-10-13 12:33:41.697653","32332",
"<sqlalchemy.orm.state.InstanceState object at 0x7fe0af493370>","2","16826/label2/2022-10-13 12:33:53.022186","2022-10-13 12:33:53.352677","16826",
"<sqlalchemy.orm.state.InstanceState object at 0x7fe0af493430>","4","74273/label4/2022-10-13 12:33:54.619614","2022-10-13 12:33:54.625417","74273",
"<sqlalchemy.orm.state.InstanceState object at 0x7fe0af4934f0>","1","64321/label1/2022-10-13 12:34:06.944691","2022-10-13 12:34:06.951547","64321",
"<sqlalchemy.orm.state.InstanceState object at 0x7fe0af4935b0>","1","30064/label1/2022-10-13 12:34:14.015161","2022-10-13 12:34:14.071742","30064",
"<sqlalchemy.orm.state.InstanceState object at 0x7fe0af493670>","1","16826/label1/2022-10-13 12:34:30.154750","2022-10-13 12:34:30.163015","16826",
"<sqlalchemy.orm.state.InstanceState object at 0x7fe0af493730>","4","49430/label4/2022-10-13 12:34:58.787302","2022-10-13 12:34:58.793775","49430",
"<sqlalchemy.orm.state.InstanceState object at 0x7fe0af4937f0>","3","16826/label3/2022-10-13 12:35:01.701009","2022-10-13 12:35:01.707510","16826",
"<sqlalchemy.orm.state.InstanceState object at 0x7fe0af4938b0>","2","64321/label2/2022-10-13 12:35:53.643312","2022-10-13 12:35:53.650617","64321",
"<sqlalchemy.orm.state.InstanceState object at 0x7fe0af493970>","1","32332/label1/2022-10-13 12:35:57.435867","2022-10-13 12:35:57.442474","32332",
"<sqlalchemy.orm.state.InstanceState object at 0x7fe0af493a30>","3","87613/label3/2022-10-13 12:35:58.504127","2022-10-13 12:35:58.511167","87613",
"<sqlalchemy.orm.state.InstanceState object at 0x7fe0af493af0>","3","74273/label3/2022-10-13 12:36:09.917287","2022-10-13 12:36:09.925337","74273",
"<sqlalchemy.orm.state.InstanceState object at 0x7fe0af493bb0>","1","85894/label1/2022-10-13 12:36:34.879279","2022-10-13 12:36:34.886737","85894",
"<sqlalchemy.orm.state.InstanceState object at 0x7fe0af493c70>","3","50922/label3/2022-10-13 12:36:36.959704","2022-10-13 12:36:36.968184","50922",
"<sqlalchemy.orm.state.InstanceState object at 0x7fe0af493d30>","1","61940/label1/2022-10-13 12:36:45.004940","2022-10-13 12:36:45.015106","61940",
"<sqlalchemy.orm.state.InstanceState object at 0x7fe0af493df0>","2","85894/label2/2022-10-13 12:36:48.591559","2022-10-13 12:36:48.597941","85894",
"<sqlalchemy.orm.state.InstanceState object at 0x7fe0af493eb0>","3","85894/label3/2022-10-13 12:36:59.738858","2022-10-13 12:36:59.749104","85894",
"<sqlalchemy.orm.state.InstanceState object at 0x7fe0af493f70>","4","32563/label4/2022-10-13 12:37:01.203436","2022-10-13 12:37:01.212854","32563",
"<sqlalchemy.orm.state.InstanceState object at 0x7fe0af498070>","4","64321/label4/2022-10-13 12:37:01.528550","2022-10-13 12:37:01.548984","64321",
"<sqlalchemy.orm.state.InstanceState object at 0x7fe0af498130>","4","85894/label4/2022-10-13 12:37:16.383135","2022-10-13 12:37:16.389420","85894",
"<sqlalchemy.orm.state.InstanceState object at 0x7fe0af4981f0>","3","27392/label3/2022-10-13 12:37:41.441097","2022-10-13 12:37:41.449421","27392",
"<sqlalchemy.orm.state.InstanceState object at 0x7fe0af4982b0>","2","74273/label2/2022-10-13 12:38:02.686273","2022-10-13 12:38:02.693336","74273",
"<sqlalchemy.orm.state.InstanceState object at 0x7fe0af498370>","3","61940/label3/2022-10-13 12:38:27.415256","2022-10-13 12:38:27.421500","61940",
"<sqlalchemy.orm.state.InstanceState object at 0x7fe0af498430>","2","32563/label2/2022-10-13 12:38:28.943659","2022-10-13 12:38:28.950959","32563",
"<sqlalchemy.orm.state.InstanceState object at 0x7fe0af4984f0>","2","79728/label2/2022-10-13 12:38:54.059344","2022-10-13 12:38:54.066963","79728",
"<sqlalchemy.orm.state.InstanceState object at 0x7fe0af4985b0>","1","27392/label1/2022-10-13 12:39:05.847046","2022-10-13 12:39:05.856579","27392",
"<sqlalchemy.orm.state.InstanceState object at 0x7fe0af498670>","4","25552/label4/2022-10-13 12:39:10.059708","2022-10-13 12:39:10.067578","25552",
"<sqlalchemy.orm.state.InstanceState object at 0x7fe0af498730>","2","76571/label2/2022-10-13 12:39:37.078652","2022-10-13 12:39:37.084907","76571",
"<sqlalchemy.orm.state.InstanceState object at 0x7fe0af4987f0>","3","79728/label3/2022-10-13 12:39:41.743532","2022-10-13 12:39:41.752058","79728",
"<sqlalchemy.orm.state.InstanceState object at 0x7fe0af4988b0>","1","74273/label1/2022-10-13 12:39:57.060907","2022-10-13 12:39:57.068067","74273",
"<sqlalchemy.orm.state.InstanceState object at 0x7fe0af498970>","3","32563/label3/2022-10-13 12:40:03.837120","2022-10-13 12:40:03.843444","32563",
"<sqlalchemy.orm.state.InstanceState object at 0x7fe0af498a30>","1","79728/label1/2022-10-13 12:40:04.986304","2022-10-13 12:40:04.993698","79728",
"<sqlalchemy.orm.state.InstanceState object at 0x7fe0af498af0>","4","79728/label4/2022-10-13 12:40:22.242373","2022-10-13 12:40:22.248247","79728",
"<sqlalchemy.orm.state.InstanceState object at 0x7fe0af498bb0>","1","32563/label1/2022-10-13 12:40:49.322224","2022-10-13 12:40:49.330885","32563",
"<sqlalchemy.orm.state.InstanceState object at 0x7fe0af498c70>","3","61516/label3/2022-10-13 12:40:55.141897","2022-10-13 12:40:55.149029","61516",
"<sqlalchemy.orm.state.InstanceState object at 0x7fe0af498d30>","4","69882/label4/2022-10-13 12:41:15.362043","2022-10-13 12:41:15.370501","69882",
"<sqlalchemy.orm.state.InstanceState object at 0x7fe0af498df0>","2","61940/label2/2022-10-13 12:41:18.230321","2022-10-13 12:41:18.236931","61940",
"<sqlalchemy.orm.state.InstanceState object at 0x7fe0af498eb0>","4","27392/label4/2022-10-13 12:41:56.946503","2022-10-13 12:41:56.954884","27392",
"<sqlalchemy.orm.state.InstanceState object at 0x7fe0af498f70>","3","45773/label3/2022-10-13 12:42:49.866722","2022-10-13 12:42:49.874536","45773",
"<sqlalchemy.orm.state.InstanceState object at 0x7fe0af49c070>","3","65268/label3/2022-10-13 12:42:59.853302","2022-10-13 12:42:59.861171","65268",
"<sqlalchemy.orm.state.InstanceState object at 0x7fe0af49c130>","4","65268/label4/2022-10-13 12:43:34.421511","2022-10-13 12:43:34.709286","65268",
"<sqlalchemy.orm.state.InstanceState object at 0x7fe0af49c1f0>","3","59604/label3/2022-10-13 12:43:42.371503","2022-10-13 12:43:42.378665","59604",
"<sqlalchemy.orm.state.InstanceState object at 0x7fe0af49c2b0>","2","65268/label2/2022-10-13 12:43:51.368908","2022-10-13 12:43:51.377668","65268",
"<sqlalchemy.orm.state.InstanceState object at 0x7fe0af49c370>","2","27392/label2/2022-10-13 12:43:51.898781","2022-10-13 12:43:51.906525","27392",
"<sqlalchemy.orm.state.InstanceState object at 0x7fe0af49c430>","1","65268/label1/2022-10-13 12:44:16.967416","2022-10-13 12:44:16.977339","65268",
"<sqlalchemy.orm.state.InstanceState object at 0x7fe0af49c4f0>","1","59604/label1/2022-10-13 12:44:21.766477","2022-10-13 12:44:21.773745","59604",
"<sqlalchemy.orm.state.InstanceState object at 0x7fe0af49c5b0>","1","15661/label1/2022-10-13 12:44:27.460242","2022-10-13 12:44:27.468939","15661",
"<sqlalchemy.orm.state.InstanceState object at 0x7fe0af49c670>","1","52107/label1/2022-10-13 12:44:32.252987","2022-10-13 12:44:32.259868","52107",
"<sqlalchemy.orm.state.InstanceState object at 0x7fe0af49c730>","4","61940/label4/2022-10-13 12:44:41.962409","2022-10-13 12:44:41.969497","61940",
"<sqlalchemy.orm.state.InstanceState object at 0x7fe0af49c7f0>","4","59604/label4/2022-10-13 12:44:45.982040","2022-10-13 12:44:45.989051","59604",
"<sqlalchemy.orm.state.InstanceState object at 0x7fe0af49c8b0>","1","45773/label1/2022-10-13 12:45:00.234669","2022-10-13 12:45:00.241101","45773",
"<sqlalchemy.orm.state.InstanceState object at 0x7fe0af49c970>","2","59604/label2/2022-10-13 12:45:20.691701","2022-10-13 12:45:20.698721","59604",
"<sqlalchemy.orm.state.InstanceState object at 0x7fe0af49ca30>","1","91320/label1/2022-10-13 12:45:31.994915","2022-10-13 12:45:32.001223","91320",
"<sqlalchemy.orm.state.InstanceState object at 0x7fe0af49caf0>","2","15661/label2/2022-10-13 12:45:56.118841","2022-10-13 12:45:56.125678","15661",
"<sqlalchemy.orm.state.InstanceState object at 0x7fe0af49cbb0>","3","52107/label3/2022-10-13 12:45:59.358859","2022-10-13 12:45:59.364857","52107",
"<sqlalchemy.orm.state.InstanceState object at 0x7fe0af49cc70>","4","99763/label4/2022-10-13 12:46:08.495075","2022-10-13 12:46:08.501825","99763",
"<sqlalchemy.orm.state.InstanceState object at 0x7fe0af49cd30>","3","15661/label3/2022-10-13 12:46:12.081464","2022-10-13 12:46:12.088284","15661",
"<sqlalchemy.orm.state.InstanceState object at 0x7fe0af49cdf0>","3","47332/label3/2022-10-13 12:46:43.811842","2022-10-13 12:46:43.818824","47332",
"<sqlalchemy.orm.state.InstanceState object at 0x7fe0af49ceb0>","4","15661/label4/2022-10-13 12:46:51.684825","2022-10-13 12:46:51.692529","15661",
"<sqlalchemy.orm.state.InstanceState object at 0x7fe0af49cf70>","2","14893/label2/2022-10-13 12:46:58.585692","2022-10-13 12:46:58.592099","14893",
"<sqlalchemy.orm.state.InstanceState object at 0x7fe0af4a0070>","3","91320/label3/2022-10-13 12:47:06.547092","2022-10-13 12:47:06.552742","91320",
"<sqlalchemy.orm.state.InstanceState object at 0x7fe0af4a0130>","1","47332/label1/2022-10-13 12:47:10.628217","2022-10-13 12:47:10.635134","47332",
"<sqlalchemy.orm.state.InstanceState object at 0x7fe0af4a01f0>","4","52107/label4/2022-10-13 12:47:12.143022","2022-10-13 12:47:12.148897","52107",
"<sqlalchemy.orm.state.InstanceState object at 0x7fe0af4a02b0>","4","47332/label4/2022-10-13 12:47:30.294261","2022-10-13 12:47:30.302205","47332",
"<sqlalchemy.orm.state.InstanceState object at 0x7fe0af4a0370>","2","47332/label2/2022-10-13 12:47:39.088417","2022-10-13 12:47:39.094816","47332",
"<sqlalchemy.orm.state.InstanceState object at 0x7fe0af4a0430>","4","19982/label4/2022-10-13 12:47:41.804115","2022-10-13 12:47:41.812825","19982",
"<sqlalchemy.orm.state.InstanceState object at 0x7fe0af4a04f0>","3","25552/label3/2022-10-13 12:47:43.046530","2022-10-13 12:47:43.052323","25552",
"<sqlalchemy.orm.state.InstanceState object at 0x7fe0af4a05b0>","4","45773/label4/2022-10-13 12:48:19.542691","2022-10-13 12:48:19.550560","45773",
"<sqlalchemy.orm.state.InstanceState object at 0x7fe0af4a0670>","2","13966/label2/2022-10-13 12:48:30.649959","2022-10-13 12:48:30.657095","13966",
"<sqlalchemy.orm.state.InstanceState object at 0x7fe0af4a0730>","4","63996/label4/2022-10-13 12:49:03.590999","2022-10-13 12:49:03.597489","63996",
"<sqlalchemy.orm.state.InstanceState object at 0x7fe0af4a07f0>","4","14893/label4/2022-10-13 12:49:18.275548","2022-10-13 12:49:18.283477","14893",
"<sqlalchemy.orm.state.InstanceState object at 0x7fe0af4a08b0>","4","13966/label4/2022-10-13 12:49:25.002854","2022-10-13 12:49:25.010693","13966",
"<sqlalchemy.orm.state.InstanceState object at 0x7fe0af4a0970>","2","52107/label2/2022-10-13 12:49:29.131760","2022-10-13 12:49:29.138479","52107",
"<sqlalchemy.orm.state.InstanceState object at 0x7fe0af4a0a30>","4","63392/label4/2022-10-13 12:49:47.313827","2022-10-13 12:49:47.321938","63392",
"<sqlalchemy.orm.state.InstanceState object at 0x7fe0af4a0af0>","3","14893/label3/2022-10-13 12:49:57.461281","2022-10-13 12:49:57.473200","14893",
"<sqlalchemy.orm.state.InstanceState object at 0x7fe0af4a0bb0>","3","13966/label3/2022-10-13 12:50:05.551705","2022-10-13 12:50:05.558136","13966",
"<sqlalchemy.orm.state.InstanceState object at 0x7fe0af4a0c70>","2","91320/label2/2022-10-13 12:50:12.460583","2022-10-13 12:50:12.467636","91320",
"<sqlalchemy.orm.state.InstanceState object at 0x7fe0af4a0d30>","1","13966/label1/2022-10-13 12:50:20.787503","2022-10-13 12:50:20.795454","13966",
"<sqlalchemy.orm.state.InstanceState object at 0x7fe0af4a0df0>","1","14893/label1/2022-10-13 12:50:30.371033","2022-10-13 12:50:30.378544","14893",
"<sqlalchemy.orm.state.InstanceState object at 0x7fe0af4a0eb0>","1","21483/label1/2022-10-13 12:50:35.398950","2022-10-13 12:50:35.406269","21483",
"<sqlalchemy.orm.state.InstanceState object at 0x7fe0af4a0f70>","2","19982/label2/2022-10-13 12:50:37.008086","2022-10-13 12:50:37.016420","19982",
"<sqlalchemy.orm.state.InstanceState object at 0x7fe0af4a5070>","4","69393/label4/2022-10-13 12:51:01.097912","2022-10-13 12:51:01.104736","69393",
"<sqlalchemy.orm.state.InstanceState object at 0x7fe0af4a5130>","1","63392/label1/2022-10-13 12:51:53.011028","2022-10-13 12:51:53.018343","63392",
"<sqlalchemy.orm.state.InstanceState object at 0x7fe0af4a51f0>","2","45773/label2/2022-10-13 12:52:01.524829","2022-10-13 12:52:01.532091","45773",
"<sqlalchemy.orm.state.InstanceState object at 0x7fe0af4a52b0>","2","25552/label2/2022-10-13 12:52:09.881368","2022-10-13 12:52:10.248951","25552",
"<sqlalchemy.orm.state.InstanceState object at 0x7fe0af4a5370>","2","60727/label2/2022-10-13 12:52:11.568874","2022-10-13 12:52:11.577223","60727",
"<sqlalchemy.orm.state.InstanceState object at 0x7fe0af4a5430>","3","60727/label3/2022-10-13 12:52:28.734274","2022-10-13 12:52:28.740791","60727",
"<sqlalchemy.orm.state.InstanceState object at 0x7fe0af4a54f0>","4","21483/label4/2022-10-13 12:52:35.653946","2022-10-13 12:52:35.909585","21483",
"<sqlalchemy.orm.state.InstanceState object at 0x7fe0af4a55b0>","2","63392/label2/2022-10-13 12:52:40.056300","2022-10-13 12:52:40.064494","63392",
"<sqlalchemy.orm.state.InstanceState object at 0x7fe0af4a5670>","4","60727/label4/2022-10-13 12:53:09.783090","2022-10-13 12:53:09.790930","60727",
"<sqlalchemy.orm.state.InstanceState object at 0x7fe0af4a5730>","4","91320/label4/2022-10-13 12:53:15.151287","2022-10-13 12:53:15.157259","91320",
"<sqlalchemy.orm.state.InstanceState object at 0x7fe0af4a57f0>","1","60727/label1/2022-10-13 12:53:52.660579","2022-10-13 12:53:52.668723","60727",
"<sqlalchemy.orm.state.InstanceState object at 0x7fe0af4a58b0>","2","86461/label2/2022-10-13 12:53:55.223430","2022-10-13 12:53:55.229899","86461",
"<sqlalchemy.orm.state.InstanceState object at 0x7fe0af4a5970>","3","63392/label3/2022-10-13 12:54:11.931391","2022-10-13 12:54:11.938143","63392",
"<sqlalchemy.orm.state.InstanceState object at 0x7fe0af4a5a30>","3","21483/label3/2022-10-13 12:54:30.810034","2022-10-13 12:54:30.817465","21483",
"<sqlalchemy.orm.state.InstanceState object at 0x7fe0af4a5af0>","3","19982/label3/2022-10-13 12:55:14.717233","2022-10-13 12:55:14.724092","19982",
"<sqlalchemy.orm.state.InstanceState object at 0x7fe0af4a5bb0>","3","86461/label3/2022-10-13 12:56:04.640504","2022-10-13 12:56:04.648017","86461",
"<sqlalchemy.orm.state.InstanceState object at 0x7fe0af4a5c70>","1","19982/label1/2022-10-13 12:56:22.386526","2022-10-13 12:56:22.393832","19982",
"<sqlalchemy.orm.state.InstanceState object at 0x7fe0af4a5d30>","1","69393/label1/2022-10-13 12:56:40.401559","2022-10-13 12:56:40.582002","69393",
"<sqlalchemy.orm.state.InstanceState object at 0x7fe0af4a5df0>","1","86461/label1/2022-10-13 12:57:16.986061","2022-10-13 12:57:16.995139","86461",
"<sqlalchemy.orm.state.InstanceState object at 0x7fe0af4a5eb0>","2","21483/label2/2022-10-13 12:58:04.255979","2022-10-13 12:58:04.264735","21483",
"<sqlalchemy.orm.state.InstanceState object at 0x7fe0af4a5f70>","4","86461/label4/2022-10-13 12:59:43.930465","2022-10-13 12:59:43.938931","86461",
"<sqlalchemy.orm.state.InstanceState object at 0x7fe0af4a9070>","3","69393/label3/2022-10-13 13:00:22.073822","2022-10-13 13:00:22.082260","69393",
"<sqlalchemy.orm.state.InstanceState object at 0x7fe0af4a9130>","1","25552/label1/2022-10-13 13:01:29.881108","2022-10-13 13:01:29.888111","25552",
"<sqlalchemy.orm.state.InstanceState object at 0x7fe0af4a91f0>","2","69393/label2/2022-10-13 13:01:46.195135","2022-10-13 13:01:46.202354","69393",
"<sqlalchemy.orm.state.InstanceState object at 0x7fe0af4a92b0>","3","29330/label3/2022-10-13 13:02:44.081068","2022-10-13 13:02:44.087730","29330",
"<sqlalchemy.orm.state.InstanceState object at 0x7fe0af4a9370>","2","69449/label2/2022-10-13 13:03:09.414650","2022-10-13 13:03:09.421867","69449",
"<sqlalchemy.orm.state.InstanceState object at 0x7fe0af4a9430>","4","90202/label4/2022-10-13 13:03:18.750831","2022-10-13 13:03:18.757247","90202",
"<sqlalchemy.orm.state.InstanceState object at 0x7fe0af4a94f0>","2","29330/label2/2022-10-13 13:03:18.741205","2022-10-13 13:03:20.291484","29330",
"<sqlalchemy.orm.state.InstanceState object at 0x7fe0af4a95b0>","1","29330/label1/2022-10-13 13:03:32.932480","2022-10-13 13:03:32.939515","29330",
"<sqlalchemy.orm.state.InstanceState object at 0x7fe0af4a9670>","4","29330/label4/2022-10-13 13:03:42.029872","2022-10-13 13:03:42.036778","29330",
"<sqlalchemy.orm.state.InstanceState object at 0x7fe0af4a9730>","2","90202/label2/2022-10-13 13:04:28.633815","2022-10-13 13:04:28.640758","90202",
"<sqlalchemy.orm.state.InstanceState object at 0x7fe0af4a97f0>","1","90202/label1/2022-10-13 13:05:40.399705","2022-10-13 13:05:40.408179","90202",
"<sqlalchemy.orm.state.InstanceState object at 0x7fe0af4a98b0>","4","55167/label4/2022-10-13 13:05:52.050811","2022-10-13 13:05:52.058949","55167",
"<sqlalchemy.orm.state.InstanceState object at 0x7fe0af4a9970>","2","55167/label2/2022-10-13 13:06:12.955488","2022-10-13 13:06:12.962080","55167",
"<sqlalchemy.orm.state.InstanceState object at 0x7fe0af4a9a30>","4","48350/label4/2022-10-13 13:06:27.379555","2022-10-13 13:06:27.386195","48350",
"<sqlalchemy.orm.state.InstanceState object at 0x7fe0af4a9af0>","1","55167/label1/2022-10-13 13:06:28.050684","2022-10-13 13:06:28.060796","55167",
"<sqlalchemy.orm.state.InstanceState object at 0x7fe0af4a9bb0>","3","90202/label3/2022-10-13 13:06:41.486843","2022-10-13 13:06:41.495078","90202",
"<sqlalchemy.orm.state.InstanceState object at 0x7fe0af4a9c70>","3","55167/label3/2022-10-13 13:06:44.268727","2022-10-13 13:06:44.275265","55167",
"<sqlalchemy.orm.state.InstanceState object at 0x7fe0af4a9d30>","3","41855/label3/2022-10-13 13:06:52.989609","2022-10-13 13:06:52.996743","41855",
"<sqlalchemy.orm.state.InstanceState object at 0x7fe0af4a9df0>","1","61670/label1/2022-10-13 13:07:41.060070","2022-10-13 13:07:41.066218","61670",
"<sqlalchemy.orm.state.InstanceState object at 0x7fe0af4a9eb0>","2","48350/label2/2022-10-13 13:07:43.627627","2022-10-13 13:07:43.633186","48350",
"<sqlalchemy.orm.state.InstanceState object at 0x7fe0af4a9f70>","1","48350/label1/2022-10-13 13:10:15.191431","2022-10-13 13:10:15.197371","48350",
"<sqlalchemy.orm.state.InstanceState object at 0x7fe0af4af070>","3","48350/label3/2022-10-13 13:10:33.817215","2022-10-13 13:10:33.823934","48350",
"<sqlalchemy.orm.state.InstanceState object at 0x7fe0af4af130>","2","41855/label2/2022-10-13 13:10:35.343693","2022-10-13 13:10:35.351088","41855",
"<sqlalchemy.orm.state.InstanceState object at 0x7fe0af4af1f0>","4","60240/label4/2022-10-13 13:12:21.837787","2022-10-13 13:12:21.848057","60240",
"<sqlalchemy.orm.state.InstanceState object at 0x7fe0af4af2b0>","3","60240/label3/2022-10-13 13:13:52.147867","2022-10-13 13:13:52.156483","60240",
"<sqlalchemy.orm.state.InstanceState object at 0x7fe0af4af370>","2","15224/label2/2022-10-13 13:14:01.150506","2022-10-13 13:14:01.159745","15224",
"<sqlalchemy.orm.state.InstanceState object at 0x7fe0af4af430>","1","60240/label1/2022-10-13 13:14:22.870297","2022-10-13 13:14:22.877182","60240",
"<sqlalchemy.orm.state.InstanceState object at 0x7fe0af4af4f0>","2","60240/label2/2022-10-13 13:14:30.611796","2022-10-13 13:14:30.620211","60240",
"<sqlalchemy.orm.state.InstanceState object at 0x7fe0af4af5b0>","4","15224/label4/2022-10-13 13:15:08.984870","2022-10-13 13:15:08.994129","15224",
"<sqlalchemy.orm.state.InstanceState object at 0x7fe0af4af670>","1","41855/label1/2022-10-13 13:15:21.364190","2022-10-13 13:15:21.371547","41855",
"<sqlalchemy.orm.state.InstanceState object at 0x7fe0af4af730>","3","90323/label3/2022-10-13 13:16:05.376456","2022-10-13 13:16:05.382974","90323",
"<sqlalchemy.orm.state.InstanceState object at 0x7fe0af4af7f0>","1","90323/label1/2022-10-13 13:16:24.388596","2022-10-13 13:16:24.395212","90323",
"<sqlalchemy.orm.state.InstanceState object at 0x7fe0af4af8b0>","4","50839/label4/2022-10-13 13:16:25.607691","2022-10-13 13:16:25.614739","50839",
"<sqlalchemy.orm.state.InstanceState object at 0x7fe0af4af970>","3","15224/label3/2022-10-13 13:17:11.561932","2022-10-13 13:17:11.568334","15224",
"<sqlalchemy.orm.state.InstanceState object at 0x7fe0af4afa30>","4","41855/label4/2022-10-13 13:17:13.151380","2022-10-13 13:17:13.157975","41855",
"<sqlalchemy.orm.state.InstanceState object at 0x7fe0af4afaf0>","4","90323/label4/2022-10-13 13:17:26.954743","2022-10-13 13:17:26.962155","90323",
"<sqlalchemy.orm.state.InstanceState object at 0x7fe0af4afbb0>","1","15224/label1/2022-10-13 13:17:49.465980","2022-10-13 13:17:49.472531","15224",
"<sqlalchemy.orm.state.InstanceState object at 0x7fe0af4afc70>","2","90323/label2/2022-10-13 13:17:54.169183","2022-10-13 13:17:54.176861","90323",
"<sqlalchemy.orm.state.InstanceState object at 0x7fe0af4afd30>","3","31863/label3/2022-10-13 13:19:12.022469","2022-10-13 13:19:12.030782","31863",
"<sqlalchemy.orm.state.InstanceState object at 0x7fe0af4afdf0>","1","31863/label1/2022-10-13 13:19:57.430244","2022-10-13 13:19:57.438703","31863",
"<sqlalchemy.orm.state.InstanceState object at 0x7fe0af4afeb0>","4","31863/label4/2022-10-13 13:21:41.861858","2022-10-13 13:21:41.869727","31863",
"<sqlalchemy.orm.state.InstanceState object at 0x7fe0af4aff70>","2","31863/label2/2022-10-13 13:22:11.520430","2022-10-13 13:22:11.526882","31863",
"<sqlalchemy.orm.state.InstanceState object at 0x7fe0af4b4070>","4","80268/label4/2022-10-13 13:24:02.115944","2022-10-13 13:24:02.124657","80268",
"<sqlalchemy.orm.state.InstanceState object at 0x7fe0af4b4130>","4","11044/label4/2022-10-13 13:27:17.485959","2022-10-13 13:27:17.495007","11044",
"<sqlalchemy.orm.state.InstanceState object at 0x7fe0af4b41f0>","2","11044/label2/2022-10-13 13:27:41.122458","2022-10-13 13:27:41.129799","11044",
"<sqlalchemy.orm.state.InstanceState object at 0x7fe0af4b42b0>","1","95938/label1/2022-10-13 13:28:10.723108","2022-10-13 13:28:10.732275","95938",
"<sqlalchemy.orm.state.InstanceState object at 0x7fe0af4b4370>","3","11044/label3/2022-10-13 13:28:41.436235","2022-10-13 13:28:41.444519","11044",
"<sqlalchemy.orm.state.InstanceState object at 0x7fe0af4b4430>","1","11044/label1/2022-10-13 13:28:55.171101","2022-10-13 13:28:55.178424","11044",
"<sqlalchemy.orm.state.InstanceState object at 0x7fe0af4b44f0>","4","63227/label4/2022-10-13 13:29:05.120610","2022-10-13 13:29:05.284244","63227",
"<sqlalchemy.orm.state.InstanceState object at 0x7fe0af4b45b0>","1","63012/label1/2022-10-13 13:29:15.881487","2022-10-13 13:29:15.888778","63012",
"<sqlalchemy.orm.state.InstanceState object at 0x7fe0af4b4670>","2","95938/label2/2022-10-13 13:29:20.071405","2022-10-13 13:29:20.077757","95938",
"<sqlalchemy.orm.state.InstanceState object at 0x7fe0af4b4730>","1","33933/label1/2022-10-13 13:29:45.635926","2022-10-13 13:29:45.643018","33933",
"<sqlalchemy.orm.state.InstanceState object at 0x7fe0af4b47f0>","4","95938/label4/2022-10-13 13:29:54.537379","2022-10-13 13:29:54.545887","95938",
"<sqlalchemy.orm.state.InstanceState object at 0x7fe0af4b48b0>","3","95938/label3/2022-10-13 13:30:45.284998","2022-10-13 13:30:45.291527","95938",
"<sqlalchemy.orm.state.InstanceState object at 0x7fe0af4b4970>","2","71067/label2/2022-10-13 13:31:27.714915","2022-10-13 13:31:27.721007","71067",
"<sqlalchemy.orm.state.InstanceState object at 0x7fe0af4b4a30>","1","22253/label1/2022-10-13 13:32:58.175389","2022-10-13 13:32:58.183508","22253",
"<sqlalchemy.orm.state.InstanceState object at 0x7fe0af4b4af0>","3","52512/label3/2022-10-13 13:33:20.390962","2022-10-13 13:33:20.398698","52512",
"<sqlalchemy.orm.state.InstanceState object at 0x7fe0af4b4bb0>","2","21718/label2/2022-10-13 13:33:53.083844","2022-10-13 13:33:53.092434","21718",
"<sqlalchemy.orm.state.InstanceState object at 0x7fe0af4b4c70>","2","52512/label2/2022-10-13 13:34:35.084087","2022-10-13 13:34:35.092588","52512",
"<sqlalchemy.orm.state.InstanceState object at 0x7fe0af4b4d30>","4","22253/label4/2022-10-13 13:36:36.934291","2022-10-13 13:36:36.942270","22253",
"<sqlalchemy.orm.state.InstanceState object at 0x7fe0af4b4df0>","1","52512/label1/2022-10-13 13:36:43.090641","2022-10-13 13:36:43.098065","52512",
"<sqlalchemy.orm.state.InstanceState object at 0x7fe0af4b4eb0>","2","22253/label2/2022-10-13 13:37:53.800070","2022-10-13 13:37:53.808537","22253",
"<sqlalchemy.orm.state.InstanceState object at 0x7fe0af4b4f70>","1","18371/label1/2022-10-13 13:38:11.907337","2022-10-13 13:38:11.913486","18371",
"<sqlalchemy.orm.state.InstanceState object at 0x7fe0af4b8070>","3","33933/label3/2022-10-13 13:38:37.146765","2022-10-13 13:38:37.152528","33933",
"<sqlalchemy.orm.state.InstanceState object at 0x7fe0af4b8130>","4","52512/label4/2022-10-13 13:38:55.434792","2022-10-13 13:38:55.444180","52512",
"<sqlalchemy.orm.state.InstanceState object at 0x7fe0af4b81f0>","1","87529/label1/2022-10-13 13:39:02.866091","2022-10-13 13:39:02.873180","87529",
"<sqlalchemy.orm.state.InstanceState object at 0x7fe0af4b82b0>","3","18371/label3/2022-10-13 13:39:27.414535","2022-10-13 13:39:27.422425","18371",
"<sqlalchemy.orm.state.InstanceState object at 0x7fe0af4b8370>","3","22253/label3/2022-10-13 13:39:42.936600","2022-10-13 13:39:42.943539","22253",
"<sqlalchemy.orm.state.InstanceState object at 0x7fe0af4b8430>","2","87529/label2/2022-10-13 13:40:23.589478","2022-10-13 13:40:23.597031","87529",
"<sqlalchemy.orm.state.InstanceState object at 0x7fe0af4b84f0>","3","87529/label3/2022-10-13 13:41:29.710229","2022-10-13 13:41:29.717971","87529",
"<sqlalchemy.orm.state.InstanceState object at 0x7fe0af4b85b0>","4","18371/label4/2022-10-13 13:41:33.587581","2022-10-13 13:41:33.596670","18371",
"<sqlalchemy.orm.state.InstanceState object at 0x7fe0af4b8670>","4","87529/label4/2022-10-13 13:43:15.891986","2022-10-13 13:43:15.901271","87529",
"<sqlalchemy.orm.state.InstanceState object at 0x7fe0af4b8730>","1","98534/label1/2022-10-13 13:43:58.364327","2022-10-13 13:43:58.371136","98534",
"<sqlalchemy.orm.state.InstanceState object at 0x7fe0af4b87f0>","2","94478/label2/2022-10-13 13:44:27.698683","2022-10-13 13:44:27.705794","94478",
"<sqlalchemy.orm.state.InstanceState object at 0x7fe0af4b88b0>","1","95562/label1/2022-10-13 13:44:31.196661","2022-10-13 13:44:31.204842","95562",
"<sqlalchemy.orm.state.InstanceState object at 0x7fe0af4b8970>","2","18371/label2/2022-10-13 13:45:23.805238","2022-10-13 13:45:23.812497","18371",
"<sqlalchemy.orm.state.InstanceState object at 0x7fe0af4b8a30>","2","33933/label2/2022-10-13 13:45:38.239270","2022-10-13 13:45:38.245506","33933",
"<sqlalchemy.orm.state.InstanceState object at 0x7fe0af4b8af0>","4","94478/label4/2022-10-13 13:46:21.347139","2022-10-13 13:46:21.354005","94478",
"<sqlalchemy.orm.state.InstanceState object at 0x7fe0af4b8bb0>","3","94478/label3/2022-10-13 13:46:39.994158","2022-10-13 13:46:40.000956","94478",
"<sqlalchemy.orm.state.InstanceState object at 0x7fe0af4b8c70>","1","94478/label1/2022-10-13 13:47:00.303057","2022-10-13 13:47:00.309141","94478",
"<sqlalchemy.orm.state.InstanceState object at 0x7fe0af4b8d30>","3","63227/label3/2022-10-13 13:47:08.195374","2022-10-13 13:47:09.234263","63227",
"<sqlalchemy.orm.state.InstanceState object at 0x7fe0af4b8df0>","4","98534/label4/2022-10-13 13:47:38.083020","2022-10-13 13:47:38.089228","98534",
"<sqlalchemy.orm.state.InstanceState object at 0x7fe0af4b8eb0>","3","98534/label3/2022-10-13 13:48:34.622955","2022-10-13 13:48:34.629557","98534",
"<sqlalchemy.orm.state.InstanceState object at 0x7fe0af4b8f70>","4","33933/label4/2022-10-13 13:48:42.142145","2022-10-13 13:48:42.149145","33933",
"<sqlalchemy.orm.state.InstanceState object at 0x7fe0af4bd070>","2","98534/label2/2022-10-13 13:49:14.849551","2022-10-13 13:49:14.857732","98534",
"<sqlalchemy.orm.state.InstanceState object at 0x7fe0af4bd130>","2","37071/label2/2022-10-13 13:53:42.430901","2022-10-13 13:53:42.437909","37071",
"<sqlalchemy.orm.state.InstanceState object at 0x7fe0af4bd1f0>","4","30637/label4/2022-10-13 13:54:49.166376","2022-10-13 13:54:49.173164","30637",
"<sqlalchemy.orm.state.InstanceState object at 0x7fe0af4bd2b0>","1","76965/label1/2022-10-13 13:55:28.979010","2022-10-13 13:55:28.986974","76965",
"<sqlalchemy.orm.state.InstanceState object at 0x7fe0af4bd370>","2","30637/label2/2022-10-13 13:57:17.305947","2022-10-13 13:57:17.314103","30637",
"<sqlalchemy.orm.state.InstanceState object at 0x7fe0af4bd430>","1","58529/label1/2022-10-13 13:58:21.807622","2022-10-13 13:58:21.814418","58529",
"<sqlalchemy.orm.state.InstanceState object at 0x7fe0af4bd4f0>","3","36952/label3/2022-10-13 13:58:48.532936","2022-10-13 13:58:48.542202","36952",
"<sqlalchemy.orm.state.InstanceState object at 0x7fe0af4bd5b0>","1","37071/label1/2022-10-13 13:58:48.995554","2022-10-13 13:58:49.013296","37071",
"<sqlalchemy.orm.state.InstanceState object at 0x7fe0af4bd670>","2","36952/label2/2022-10-13 13:58:53.428754","2022-10-13 13:58:53.435298","36952",
"<sqlalchemy.orm.state.InstanceState object at 0x7fe0af4bd730>","1","30637/label1/2022-10-13 14:00:09.405658","2022-10-13 14:00:09.710600","30637",
"<sqlalchemy.orm.state.InstanceState object at 0x7fe0af4bd7f0>","4","37071/label4/2022-10-13 14:01:13.340138","2022-10-13 14:01:13.346316","37071",
"<sqlalchemy.orm.state.InstanceState object at 0x7fe0af4bd8b0>","4","36952/label4/2022-10-13 14:01:20.055573","2022-10-13 14:01:20.062507","36952",
"<sqlalchemy.orm.state.InstanceState object at 0x7fe0af4bd970>","3","76965/label3/2022-10-13 14:01:44.131015","2022-10-13 14:01:44.139435","76965",
"<sqlalchemy.orm.state.InstanceState object at 0x7fe0af4bda30>","3","30637/label3/2022-10-13 14:01:51.559936","2022-10-13 14:01:51.567025","30637",
"<sqlalchemy.orm.state.InstanceState object at 0x7fe0af4bdaf0>","2","94280/label2/2022-10-13 14:02:14.850414","2022-10-13 14:02:14.858260","94280",
"<sqlalchemy.orm.state.InstanceState object at 0x7fe0af4bdbb0>","1","36952/label1/2022-10-13 14:02:34.046200","2022-10-13 14:02:34.053186","36952",
"<sqlalchemy.orm.state.InstanceState object at 0x7fe0af4bdc70>","4","94280/label4/2022-10-13 14:03:34.447292","2022-10-13 14:03:34.455432","94280",
"<sqlalchemy.orm.state.InstanceState object at 0x7fe0af4bdd30>","3","94280/label3/2022-10-13 14:04:17.267249","2022-10-13 14:04:17.274858","94280",
"<sqlalchemy.orm.state.InstanceState object at 0x7fe0af4bddf0>","1","94280/label1/2022-10-13 14:05:26.007974","2022-10-13 14:05:26.016441","94280",
"<sqlalchemy.orm.state.InstanceState object at 0x7fe0af4bdeb0>","2","46488/label2/2022-10-13 14:05:27.516525","2022-10-13 14:05:27.524102","46488",
"<sqlalchemy.orm.state.InstanceState object at 0x7fe0af4bdf70>","4","76965/label4/2022-10-13 14:05:28.962894","2022-10-13 14:05:28.970996","76965",
"<sqlalchemy.orm.state.InstanceState object at 0x7fe0af442070>","2","43362/label2/2022-10-13 14:06:28.080883","2022-10-13 14:06:28.089353","43362",
"<sqlalchemy.orm.state.InstanceState object at 0x7fe0af442130>","3","37071/label3/2022-10-13 14:06:54.502843","2022-10-13 14:06:54.510474","37071",
"<sqlalchemy.orm.state.InstanceState object at 0x7fe0af4421f0>","4","43362/label4/2022-10-13 14:08:10.161746","2022-10-13 14:08:10.169365","43362",
"<sqlalchemy.orm.state.InstanceState object at 0x7fe0af4422b0>","3","46488/label3/2022-10-13 14:08:26.987060","2022-10-13 14:08:26.994494","46488",
"<sqlalchemy.orm.state.InstanceState object at 0x7fe0af442370>","4","46488/label4/2022-10-13 14:10:50.316787","2022-10-13 14:10:50.324333","46488",
"<sqlalchemy.orm.state.InstanceState object at 0x7fe0af442430>","3","43362/label3/2022-10-13 14:11:30.054987","2022-10-13 14:11:30.061461","43362",
"<sqlalchemy.orm.state.InstanceState object at 0x7fe0af4424f0>","2","76965/label2/2022-10-13 14:12:02.823847","2022-10-13 14:12:02.830537","76965",
"<sqlalchemy.orm.state.InstanceState object at 0x7fe0af4425b0>","1","32145/label1/2022-10-13 14:13:14.062458","2022-10-13 14:13:14.070106","32145",
"<sqlalchemy.orm.state.InstanceState object at 0x7fe0af442670>","1","43362/label1/2022-10-13 14:13:23.302287","2022-10-13 14:13:23.309913","43362",
"<sqlalchemy.orm.state.InstanceState object at 0x7fe0af442730>","1","46488/label1/2022-10-13 14:15:47.002397","2022-10-13 14:15:47.010173","46488",
"<sqlalchemy.orm.state.InstanceState object at 0x7fe0af4427f0>","2","32145/label2/2022-10-13 14:17:32.829463","2022-10-13 14:17:32.842275","32145",
"<sqlalchemy.orm.state.InstanceState object at 0x7fe0af4428b0>","3","32145/label3/2022-10-13 14:25:10.816569","2022-10-13 14:25:10.827942","32145",
"<sqlalchemy.orm.state.InstanceState object at 0x7fe0af442970>","2","60100/label2/2022-10-13 14:31:00.109899","2022-10-13 14:31:00.121027","60100",
"<sqlalchemy.orm.state.InstanceState object at 0x7fe0af442a30>","2","33575/label2/2022-10-13 14:31:18.296336","2022-10-13 14:31:18.303199","33575",
"<sqlalchemy.orm.state.InstanceState object at 0x7fe0af442af0>","3","60100/label3/2022-10-13 14:31:39.992581","2022-10-13 14:31:40.000664","60100",
"<sqlalchemy.orm.state.InstanceState object at 0x7fe0af442bb0>","4","32145/label4/2022-10-13 14:31:44.901129","2022-10-13 14:31:44.909929","32145",
"<sqlalchemy.orm.state.InstanceState object at 0x7fe0af442c70>","4","60100/label4/2022-10-13 14:32:23.787817","2022-10-13 14:32:23.793962","60100",
"<sqlalchemy.orm.state.InstanceState object at 0x7fe0af442d30>","1","60100/label1/2022-10-13 14:32:59.194427","2022-10-13 14:32:59.203504","60100",
"<sqlalchemy.orm.state.InstanceState object at 0x7fe0af442df0>","4","33575/label4/2022-10-13 14:33:14.246480","2022-10-13 14:33:14.254961","33575",
"<sqlalchemy.orm.state.InstanceState object at 0x7fe0af442eb0>","3","33575/label3/2022-10-13 14:34:33.463738","2022-10-13 14:34:33.472139","33575",
"<sqlalchemy.orm.state.InstanceState object at 0x7fe0af442f70>","3","70043/label3/2022-10-13 14:35:40.256641","2022-10-13 14:35:40.268308","70043",
"<sqlalchemy.orm.state.InstanceState object at 0x7fe0af446070>","1","33575/label1/2022-10-13 14:36:28.174965","2022-10-13 14:36:28.183784","33575",
"<sqlalchemy.orm.state.InstanceState object at 0x7fe0af446130>","1","26015/label1/2022-10-13 14:36:51.916137","2022-10-13 14:36:51.924593","26015",
"<sqlalchemy.orm.state.InstanceState object at 0x7fe0af4461f0>","2","26015/label2/2022-10-13 14:37:36.304316","2022-10-13 14:37:36.446515","26015",
"<sqlalchemy.orm.state.InstanceState object at 0x7fe0af4462b0>","4","26015/label4/2022-10-13 14:37:54.518445","2022-10-13 14:37:54.865273","26015",
"<sqlalchemy.orm.state.InstanceState object at 0x7fe0af446370>","3","26015/label3/2022-10-13 14:38:15.159941","2022-10-13 14:38:15.167969","26015",
"<sqlalchemy.orm.state.InstanceState object at 0x7fe0af446430>","3","48734/label3/2022-10-13 14:39:42.875852","2022-10-13 14:39:42.884768","48734",
"<sqlalchemy.orm.state.InstanceState object at 0x7fe0af4464f0>","3","36777/label3/2022-10-13 14:39:48.973745","2022-10-13 14:39:48.982994","36777",
"<sqlalchemy.orm.state.InstanceState object at 0x7fe0af4465b0>","4","48734/label4/2022-10-13 14:41:40.534044","2022-10-13 14:41:40.540973","48734",
"<sqlalchemy.orm.state.InstanceState object at 0x7fe0af446670>","2","36777/label2/2022-10-13 14:42:48.893868","2022-10-13 14:42:48.902056","36777",
"<sqlalchemy.orm.state.InstanceState object at 0x7fe0af446730>","3","38983/label3/2022-10-13 14:42:52.142784","2022-10-13 14:42:52.150477","38983",
"<sqlalchemy.orm.state.InstanceState object at 0x7fe0af4467f0>","2","48734/label2/2022-10-13 14:43:06.267507","2022-10-13 14:43:06.275682","48734",
"<sqlalchemy.orm.state.InstanceState object at 0x7fe0af4468b0>","4","36777/label4/2022-10-13 14:43:48.041025","2022-10-13 14:43:48.047796","36777",
"<sqlalchemy.orm.state.InstanceState object at 0x7fe0af446970>","1","48734/label1/2022-10-13 14:43:56.446846","2022-10-13 14:43:56.452969","48734",
"<sqlalchemy.orm.state.InstanceState object at 0x7fe0af446a30>","1","38983/label1/2022-10-13 14:44:01.310755","2022-10-13 14:44:01.318028","38983",
"<sqlalchemy.orm.state.InstanceState object at 0x7fe0af446af0>","4","38983/label4/2022-10-13 14:44:18.132841","2022-10-13 14:44:18.143526","38983",
"<sqlalchemy.orm.state.InstanceState object at 0x7fe0af446bb0>","2","38983/label2/2022-10-13 14:44:40.977426","2022-10-13 14:44:40.987470","38983",
"<sqlalchemy.orm.state.InstanceState object at 0x7fe0af446c70>","1","36777/label1/2022-10-13 14:45:08.096249","2022-10-13 14:45:08.104486","36777",
"<sqlalchemy.orm.state.InstanceState object at 0x7fe0af446d30>","4","47913/label4/2022-10-13 15:00:31.327348","2022-10-13 15:00:31.338446","47913",
"<sqlalchemy.orm.state.InstanceState object at 0x7fe0af446df0>","1","47913/label1/2022-10-13 15:03:39.183649","2022-10-13 15:03:39.194162","47913",
"<sqlalchemy.orm.state.InstanceState object at 0x7fe0af446eb0>","2","77063/label2/2022-10-13 15:06:05.872262","2022-10-13 15:06:05.881840","77063",
"<sqlalchemy.orm.state.InstanceState object at 0x7fe0af446f70>","4","38060/label4/2022-10-13 15:07:51.042401","2022-10-13 15:07:51.051214","38060",
"<sqlalchemy.orm.state.InstanceState object at 0x7fe0af44c070>","3","47913/label3/2022-10-13 15:08:28.679757","2022-10-13 15:08:28.688906","47913",
"<sqlalchemy.orm.state.InstanceState object at 0x7fe0af44c130>","3","38060/label3/2022-10-13 15:10:02.670324","2022-10-13 15:10:02.679591","38060",
"<sqlalchemy.orm.state.InstanceState object at 0x7fe0af44c1f0>","4","13842/label4/2022-10-13 15:10:38.602439","2022-10-13 15:10:38.608783","13842",
"<sqlalchemy.orm.state.InstanceState object at 0x7fe0af44c2b0>","3","13842/label3/2022-10-13 15:11:00.779412","2022-10-13 15:11:00.788506","13842",
"<sqlalchemy.orm.state.InstanceState object at 0x7fe0af44c370>","2","13842/label2/2022-10-13 15:11:11.726985","2022-10-13 15:11:11.736008","13842",
"<sqlalchemy.orm.state.InstanceState object at 0x7fe0af44c430>","1","13842/label1/2022-10-13 15:11:20.609527","2022-10-13 15:11:20.616512","13842",
"<sqlalchemy.orm.state.InstanceState object at 0x7fe0af44c4f0>","2","38060/label2/2022-10-13 15:12:20.935841","2022-10-13 15:12:20.943005","38060",
"<sqlalchemy.orm.state.InstanceState object at 0x7fe0af44c5b0>","2","47913/label2/2022-10-13 15:15:06.399454","2022-10-13 15:15:06.405958","47913",
"<sqlalchemy.orm.state.InstanceState object at 0x7fe0af44c670>","1","38060/label1/2022-10-13 15:16:20.426525","2022-10-13 15:16:20.434883","38060",
"<sqlalchemy.orm.state.InstanceState object at 0x7fe0af44c730>","3","77576/label3/2022-10-13 15:21:21.795661","2022-10-13 15:21:21.805455","77576",
"<sqlalchemy.orm.state.InstanceState object at 0x7fe0af44c7f0>","1","77576/label1/2022-10-13 15:22:22.651571","2022-10-13 15:22:22.660639","77576",
"<sqlalchemy.orm.state.InstanceState object at 0x7fe0af44c8b0>","2","77576/label2/2022-10-13 15:22:56.404675","2022-10-13 15:22:56.412559","77576",
"<sqlalchemy.orm.state.InstanceState object at 0x7fe0af44c970>","1","27821/label1/2022-10-13 15:23:06.730606","2022-10-13 15:23:06.738898","27821",
"<sqlalchemy.orm.state.InstanceState object at 0x7fe0af44ca30>","4","77576/label4/2022-10-13 15:23:17.467964","2022-10-13 15:23:17.473828","77576",
"<sqlalchemy.orm.state.InstanceState object at 0x7fe0af44caf0>","2","27821/label2/2022-10-13 15:23:31.729831","2022-10-13 15:23:31.736707","27821",
"<sqlalchemy.orm.state.InstanceState object at 0x7fe0af44cbb0>","3","18142/label3/2022-10-13 15:27:11.085400","2022-10-13 15:27:11.098823","18142",
"<sqlalchemy.orm.state.InstanceState object at 0x7fe0af44cc70>","4","18142/label4/2022-10-13 15:28:39.348856","2022-10-13 15:28:39.356250","18142",
"<sqlalchemy.orm.state.InstanceState object at 0x7fe0af44cd30>","1","78108/label1/2022-10-13 15:28:52.494709","2022-10-13 15:28:52.501185","78108",
"<sqlalchemy.orm.state.InstanceState object at 0x7fe0af44cdf0>","3","98143/label3/2022-10-13 15:28:53.377316","2022-10-13 15:28:53.384888","98143",
"<sqlalchemy.orm.state.InstanceState object at 0x7fe0af44ceb0>","2","18142/label2/2022-10-13 15:28:54.474054","2022-10-13 15:28:54.484914","18142",
"<sqlalchemy.orm.state.InstanceState object at 0x7fe0af44cf70>","1","18142/label1/2022-10-13 15:30:08.982061","2022-10-13 15:30:08.987967","18142",
"<sqlalchemy.orm.state.InstanceState object at 0x7fe0af451070>","4","78108/label4/2022-10-13 15:31:04.361118","2022-10-13 15:31:04.368612","78108",
"<sqlalchemy.orm.state.InstanceState object at 0x7fe0af451130>","2","91171/label2/2022-10-13 15:32:12.786027","2022-10-13 15:32:12.794398","91171",
"<sqlalchemy.orm.state.InstanceState object at 0x7fe0af4511f0>","3","96664/label3/2022-10-13 15:33:18.553932","2022-10-13 15:33:18.561527","96664",
"<sqlalchemy.orm.state.InstanceState object at 0x7fe0af4512b0>","3","91171/label3/2022-10-13 15:34:18.317146","2022-10-13 15:34:18.324311","91171",
"<sqlalchemy.orm.state.InstanceState object at 0x7fe0af451370>","4","96664/label4/2022-10-13 15:34:59.808756","2022-10-13 15:34:59.816742","96664",
"<sqlalchemy.orm.state.InstanceState object at 0x7fe0af451430>","2","78108/label2/2022-10-13 15:35:38.577392","2022-10-13 15:35:38.583881","78108",
"<sqlalchemy.orm.state.InstanceState object at 0x7fe0af4514f0>","2","96664/label2/2022-10-13 15:35:48.820754","2022-10-13 15:35:48.829496","96664",
"<sqlalchemy.orm.state.InstanceState object at 0x7fe0af4515b0>","1","96664/label1/2022-10-13 15:36:27.277934","2022-10-13 15:36:27.286749","96664",
"<sqlalchemy.orm.state.InstanceState object at 0x7fe0af451670>","1","99759/label1/2022-10-13 15:37:06.432977","2022-10-13 15:37:06.440818","99759",
"<sqlalchemy.orm.state.InstanceState object at 0x7fe0af451730>","2","99759/label2/2022-10-13 15:37:28.075901","2022-10-13 15:37:28.081675","99759",
"<sqlalchemy.orm.state.InstanceState object at 0x7fe0af4517f0>","4","99759/label4/2022-10-13 15:37:38.524502","2022-10-13 15:37:38.532112","99759",
"<sqlalchemy.orm.state.InstanceState object at 0x7fe0af4518b0>","3","99759/label3/2022-10-13 15:37:50.009341","2022-10-13 15:37:50.016169","99759",
"<sqlalchemy.orm.state.InstanceState object at 0x7fe0af451970>","4","91171/label4/2022-10-13 15:38:14.832259","2022-10-13 15:38:14.838709","91171",
"<sqlalchemy.orm.state.InstanceState object at 0x7fe0af451a30>","3","48700/label3/2022-10-13 15:39:18.513197","2022-10-13 15:39:18.520439","48700",
"<sqlalchemy.orm.state.InstanceState object at 0x7fe0af451af0>","3","78108/label3/2022-10-13 15:41:20.234822","2022-10-13 15:41:20.246080","78108",
"<sqlalchemy.orm.state.InstanceState object at 0x7fe0af451bb0>","1","91171/label1/2022-10-13 15:43:32.841141","2022-10-13 15:43:32.851083","91171",
"<sqlalchemy.orm.state.InstanceState object at 0x7fe0af451c70>","2","33450/label2/2022-10-13 15:43:55.070836","2022-10-13 15:43:55.080032","33450",
"<sqlalchemy.orm.state.InstanceState object at 0x7fe0af451d30>","3","60560/label3/2022-10-13 15:44:47.799641","2022-10-13 15:44:47.806310","60560",
"<sqlalchemy.orm.state.InstanceState object at 0x7fe0af451df0>","2","94254/label2/2022-10-13 15:45:13.609036","2022-10-13 15:45:13.616909","94254",
"<sqlalchemy.orm.state.InstanceState object at 0x7fe0af451eb0>","4","60560/label4/2022-10-13 15:46:00.340582","2022-10-13 15:46:00.347961","60560",
"<sqlalchemy.orm.state.InstanceState object at 0x7fe0af451f70>","3","94254/label3/2022-10-13 15:46:09.200318","2022-10-13 15:46:09.206288","94254",
"<sqlalchemy.orm.state.InstanceState object at 0x7fe0af454070>","1","94254/label1/2022-10-13 15:46:41.893777","2022-10-13 15:46:41.900410","94254",
"<sqlalchemy.orm.state.InstanceState object at 0x7fe0af454130>","2","60560/label2/2022-10-13 15:46:57.050046","2022-10-13 15:46:57.057205","60560",
"<sqlalchemy.orm.state.InstanceState object at 0x7fe0af4541f0>","1","33450/label1/2022-10-13 15:47:27.416482","2022-10-13 15:47:27.422764","33450",
"<sqlalchemy.orm.state.InstanceState object at 0x7fe0af4542b0>","4","94254/label4/2022-10-13 15:47:30.074188","2022-10-13 15:47:30.081477","94254",
"<sqlalchemy.orm.state.InstanceState object at 0x7fe0af454370>","3","33450/label3/2022-10-13 15:51:58.762622","2022-10-13 15:51:58.773544","33450",
"<sqlalchemy.orm.state.InstanceState object at 0x7fe0af454430>","2","25615/label2/2022-10-13 15:53:29.399565","2022-10-13 15:53:29.407739","25615",
"<sqlalchemy.orm.state.InstanceState object at 0x7fe0af4544f0>","2","34813/label2/2022-10-13 15:54:11.578999","2022-10-13 15:54:11.587305","34813",
"<sqlalchemy.orm.state.InstanceState object at 0x7fe0af4545b0>","4","33450/label4/2022-10-13 15:55:23.444882","2022-10-13 15:55:23.452847","33450",
"<sqlalchemy.orm.state.InstanceState object at 0x7fe0af454670>","1","27653/label1/2022-10-13 15:56:20.456799","2022-10-13 15:56:20.464185","27653",
"<sqlalchemy.orm.state.InstanceState object at 0x7fe0af454730>","1","34813/label1/2022-10-13 15:57:51.516916","2022-10-13 15:57:51.524759","34813",
"<sqlalchemy.orm.state.InstanceState object at 0x7fe0af4547f0>","4","25615/label4/2022-10-13 15:58:01.756355","2022-10-13 15:58:01.767229","25615",
"<sqlalchemy.orm.state.InstanceState object at 0x7fe0af4548b0>","2","27653/label2/2022-10-13 15:58:02.271791","2022-10-13 15:58:02.281924","27653",
"<sqlalchemy.orm.state.InstanceState object at 0x7fe0af454970>","4","27653/label4/2022-10-13 15:59:23.295644","2022-10-13 15:59:23.303725","27653",
"<sqlalchemy.orm.state.InstanceState object at 0x7fe0af454a30>","1","25615/label1/2022-10-13 15:59:50.768720","2022-10-13 15:59:50.775162","25615",
"<sqlalchemy.orm.state.InstanceState object at 0x7fe0af454af0>","3","34813/label3/2022-10-13 16:00:14.987474","2022-10-13 16:00:14.995611","34813",
"<sqlalchemy.orm.state.InstanceState object at 0x7fe0af454bb0>","3","27653/label3/2022-10-13 16:00:30.586702","2022-10-13 16:00:30.592609","27653",
"<sqlalchemy.orm.state.InstanceState object at 0x7fe0af454c70>","3","25615/label3/2022-10-13 16:01:01.687633","2022-10-13 16:01:01.695286","25615",
"<sqlalchemy.orm.state.InstanceState object at 0x7fe0af454d30>","3","13717/label3/2022-10-13 16:02:52.495134","2022-10-13 16:02:52.502158","13717",
"<sqlalchemy.orm.state.InstanceState object at 0x7fe0af454df0>","2","13497/label2/2022-10-13 16:02:55.825170","2022-10-13 16:02:55.831853","13497",
"<sqlalchemy.orm.state.InstanceState object at 0x7fe0af454eb0>","1","13497/label1/2022-10-13 16:03:15.315537","2022-10-13 16:03:15.323542","13497",
"<sqlalchemy.orm.state.InstanceState object at 0x7fe0af454f70>","3","13497/label3/2022-10-13 16:03:23.959460","2022-10-13 16:03:23.966863","13497",
"<sqlalchemy.orm.state.InstanceState object at 0x7fe0af459070>","4","34813/label4/2022-10-13 16:04:45.726116","2022-10-13 16:04:45.734583","34813",
"<sqlalchemy.orm.state.InstanceState object at 0x7fe0af459130>","1","49794/label1/2022-10-13 16:05:22.770948","2022-10-13 16:05:22.778455","49794",
"<sqlalchemy.orm.state.InstanceState object at 0x7fe0af4591f0>","4","49794/label4/2022-10-13 16:06:39.390040","2022-10-13 16:06:39.399326","49794",
"<sqlalchemy.orm.state.InstanceState object at 0x7fe0af4592b0>","1","82228/label1/2022-10-13 16:08:01.712190","2022-10-13 16:08:01.719088","82228",
"<sqlalchemy.orm.state.InstanceState object at 0x7fe0af459370>","3","82228/label3/2022-10-13 16:08:05.160026","2022-10-13 16:08:05.168796","82228",
"<sqlalchemy.orm.state.InstanceState object at 0x7fe0af459430>","3","49794/label3/2022-10-13 16:09:09.826312","2022-10-13 16:09:09.832535","49794",
"<sqlalchemy.orm.state.InstanceState object at 0x7fe0af4594f0>","2","49794/label2/2022-10-13 16:12:27.795052","2022-10-13 16:12:27.806056","49794",
"<sqlalchemy.orm.state.InstanceState object at 0x7fe0af4595b0>","3","40762/label3/2022-10-13 16:13:40.513378","2022-10-13 16:13:40.523401","40762",
"<sqlalchemy.orm.state.InstanceState object at 0x7fe0af459670>","4","40762/label4/2022-10-13 16:13:51.003114","2022-10-13 16:13:51.010894","40762",
"<sqlalchemy.orm.state.InstanceState object at 0x7fe0af459730>","1","74964/label1/2022-10-13 16:14:51.553955","2022-10-13 16:14:51.562141","74964",
"<sqlalchemy.orm.state.InstanceState object at 0x7fe0af4597f0>","2","40762/label2/2022-10-13 16:17:13.642435","2022-10-13 16:17:13.649989","40762",
"<sqlalchemy.orm.state.InstanceState object at 0x7fe0af4598b0>","2","57411/label2/2022-10-13 16:20:32.511899","2022-10-13 16:20:32.522744","57411",
"<sqlalchemy.orm.state.InstanceState object at 0x7fe0af459970>","1","40762/label1/2022-10-13 16:21:48.632615","2022-10-13 16:21:48.641496","40762",
"<sqlalchemy.orm.state.InstanceState object at 0x7fe0af459a30>","1","57411/label1/2022-10-13 16:21:49.315711","2022-10-13 16:21:49.324522","57411",
"<sqlalchemy.orm.state.InstanceState object at 0x7fe0af459af0>","4","57411/label4/2022-10-13 16:23:06.956185","2022-10-13 16:23:06.966851","57411",
"<sqlalchemy.orm.state.InstanceState object at 0x7fe0af459bb0>","2","24866/label2/2022-10-13 16:23:29.285275","2022-10-13 16:23:29.292877","24866",
"<sqlalchemy.orm.state.InstanceState object at 0x7fe0af459c70>","3","24866/label3/2022-10-13 16:25:34.370100","2022-10-13 16:25:34.377488","24866",
"<sqlalchemy.orm.state.InstanceState object at 0x7fe0af459d30>","3","57411/label3/2022-10-13 16:25:43.638995","2022-10-13 16:25:43.646969","57411",
"<sqlalchemy.orm.state.InstanceState object at 0x7fe0af459df0>","3","83272/label3/2022-10-13 16:26:41.417264","2022-10-13 16:26:41.425666","83272",
"<sqlalchemy.orm.state.InstanceState object at 0x7fe0af459eb0>","1","24866/label1/2022-10-13 16:27:15.634365","2022-10-13 16:27:15.642659","24866",
"<sqlalchemy.orm.state.InstanceState object at 0x7fe0af459f70>","4","24866/label4/2022-10-13 16:28:25.764174","2022-10-13 16:28:25.771424","24866",
"<sqlalchemy.orm.state.InstanceState object at 0x7fe0af45e070>","2","58960/label2/2022-10-13 16:29:34.614862","2022-10-13 16:29:34.622501","58960",
"<sqlalchemy.orm.state.InstanceState object at 0x7fe0af45e130>","2","38022/label2/2022-10-13 16:30:31.014801","2022-10-13 16:30:31.024663","38022",
"<sqlalchemy.orm.state.InstanceState object at 0x7fe0af45e1f0>","1","38926/label1/2022-10-13 16:35:12.749556","2022-10-13 16:35:12.759589","38926",
"<sqlalchemy.orm.state.InstanceState object at 0x7fe0af45e2b0>","1","57601/label1/2022-10-13 16:35:35.766879","2022-10-13 16:35:35.776952","57601",
"<sqlalchemy.orm.state.InstanceState object at 0x7fe0af45e370>","3","38926/label3/2022-10-13 16:36:00.804632","2022-10-13 16:36:00.814238","38926",
"<sqlalchemy.orm.state.InstanceState object at 0x7fe0af45e430>","2","75629/label2/2022-10-13 16:36:20.325210","2022-10-13 16:36:20.332929","75629",
"<sqlalchemy.orm.state.InstanceState object at 0x7fe0af45e4f0>","2","38926/label2/2022-10-13 16:36:28.338851","2022-10-13 16:36:28.346115","38926",
"<sqlalchemy.orm.state.InstanceState object at 0x7fe0af45e5b0>","1","75629/label1/2022-10-13 16:36:47.365263","2022-10-13 16:36:47.373070","75629",
"<sqlalchemy.orm.state.InstanceState object at 0x7fe0af45e670>","4","75629/label4/2022-10-13 16:37:05.848668","2022-10-13 16:37:05.855882","75629",
"<sqlalchemy.orm.state.InstanceState object at 0x7fe0af45e730>","4","38926/label4/2022-10-13 16:37:15.645519","2022-10-13 16:37:15.652220","38926",
"<sqlalchemy.orm.state.InstanceState object at 0x7fe0af45e7f0>","3","75629/label3/2022-10-13 16:37:25.479973","2022-10-13 16:37:25.485893","75629",
"<sqlalchemy.orm.state.InstanceState object at 0x7fe0af45e8b0>","4","44642/label4/2022-10-13 16:38:43.679137","2022-10-13 16:38:43.685064","44642",
"<sqlalchemy.orm.state.InstanceState object at 0x7fe0af45e970>","1","62809/label1/2022-10-13 16:40:18.469283","2022-10-13 16:40:18.477779","62809",
"<sqlalchemy.orm.state.InstanceState object at 0x7fe0af45ea30>","3","62809/label3/2022-10-13 16:40:51.188843","2022-10-13 16:40:51.195510","62809",
"<sqlalchemy.orm.state.InstanceState object at 0x7fe0af45eaf0>","2","62809/label2/2022-10-13 16:41:44.088731","2022-10-13 16:41:44.096293","62809",
"<sqlalchemy.orm.state.InstanceState object at 0x7fe0af45ebb0>","4","62809/label4/2022-10-13 16:42:27.378315","2022-10-13 16:42:27.386855","62809",
"<sqlalchemy.orm.state.InstanceState object at 0x7fe0af45ec70>","3","25132/label3/2022-10-13 16:44:47.694325","2022-10-13 16:44:47.703790","25132",
"<sqlalchemy.orm.state.InstanceState object at 0x7fe0af45ed30>","1","86683/label1/2022-10-13 16:48:16.500145","2022-10-13 16:48:16.509227","86683",
"<sqlalchemy.orm.state.InstanceState object at 0x7fe0af45edf0>","3","19715/label3/2022-10-13 17:23:45.987168","2022-10-13 17:23:45.998537","19715",
"<sqlalchemy.orm.state.InstanceState object at 0x7fe0af45eeb0>","2","19715/label2/2022-10-13 17:25:00.403540","2022-10-13 17:25:00.414200","19715",
"<sqlalchemy.orm.state.InstanceState object at 0x7fe0af45ef70>","4","19715/label4/2022-10-13 17:26:20.977224","2022-10-13 17:26:20.985878","19715",
"<sqlalchemy.orm.state.InstanceState object at 0x7fe0af462070>","1","19715/label1/2022-10-13 17:26:37.727669","2022-10-13 17:26:37.735366","19715",
"<sqlalchemy.orm.state.InstanceState object at 0x7fe0af462130>","2","48700/label2/2022-10-13 20:37:55.806118","2022-10-13 20:37:55.815047","48700",
"<sqlalchemy.orm.state.InstanceState object at 0x7fe0af4621f0>","4","48700/label4/2022-10-13 21:01:55.774726","2022-10-13 21:01:55.785771","48700",

