_sa_instance_state, article_id, nudge_id, previous_nudging_condition, primary, section, timestamp_selections, title, user_id
"<sqlalchemy.orm.state.InstanceState object at 0x7f92031b4250>","42065342","3","3","876/42065342/2022-10-12 14:27:44.279265","Current Affairs","2022-10-12 14:27:44.279265","Worden lokale partijen bewust buitengesloten bij coalitievorming? Soms wel, zo blijkt uit onderzoek ","876",
"<sqlalchemy.orm.state.InstanceState object at 0x7f92031b4280>","42066475","0","1","907/42066475/2022-10-12 14:28:28.170641","Entertainment","2022-10-12 14:28:28.170641","Na K-Pop is K-lit nu de nieuwste hit uit het land van de Gangnam Style","907",
"<sqlalchemy.orm.state.InstanceState object at 0x7f92031b42e0>","42066475","0","1","907/42066475/2022-10-12 14:30:30.828199","Entertainment","2022-10-12 14:30:30.828199","Na K-Pop is K-lit nu de nieuwste hit uit het land van de Gangnam Style","907",
"<sqlalchemy.orm.state.InstanceState object at 0x7f92031b43a0>","42066475","0","1","907/42066475/2022-10-12 14:30:30.912648","Entertainment","2022-10-12 14:30:30.912648","Na K-Pop is K-lit nu de nieuwste hit uit het land van de Gangnam Style","907",
"<sqlalchemy.orm.state.InstanceState object at 0x7f92031b4430>","42065330","0","3","951/42065330/2022-10-12 15:51:45.082143","Economy","2022-10-12 15:51:45.082143","Student Hotel gaat uitbreiden, studentenvakbond kritisch","951",
"<sqlalchemy.orm.state.InstanceState object at 0x7f92031b44c0>","42065330","0","3","951/42065330/2022-10-12 15:52:54.606055","Economy","2022-10-12 15:52:54.606055","Student Hotel gaat uitbreiden, studentenvakbond kritisch","951",
"<sqlalchemy.orm.state.InstanceState object at 0x7f92031b4550>","42065330","0","3","951/42065330/2022-10-12 15:54:38.552981","Economy","2022-10-12 15:54:38.552981","Student Hotel gaat uitbreiden, studentenvakbond kritisch","951",
"<sqlalchemy.orm.state.InstanceState object at 0x7f92031b45e0>","42065330","0","3","951/42065330/2022-10-12 15:54:45.713164","Economy","2022-10-12 15:54:45.713164","Student Hotel gaat uitbreiden, studentenvakbond kritisch","951",
"<sqlalchemy.orm.state.InstanceState object at 0x7f92031b4670>","42065330","0","3","951/42065330/2022-10-12 15:56:21.343109","Economy","2022-10-12 15:56:21.343109","Student Hotel gaat uitbreiden, studentenvakbond kritisch","951",
"<sqlalchemy.orm.state.InstanceState object at 0x7f92031b4700>","42065330","0","3","951/42065330/2022-10-12 15:56:30.396970","Economy","2022-10-12 15:56:30.396970","Student Hotel gaat uitbreiden, studentenvakbond kritisch","951",
"<sqlalchemy.orm.state.InstanceState object at 0x7f92031b4790>","42065330","0","3","951/42065330/2022-10-12 15:56:55.850049","Economy","2022-10-12 15:56:55.850049","Student Hotel gaat uitbreiden, studentenvakbond kritisch","951",
"<sqlalchemy.orm.state.InstanceState object at 0x7f92031b4820>","42065330","0","3","951/42065330/2022-10-12 15:56:56.807900","Economy","2022-10-12 15:56:56.807900","Student Hotel gaat uitbreiden, studentenvakbond kritisch","951",
"<sqlalchemy.orm.state.InstanceState object at 0x7f92031b48b0>","42065330","0","3","951/42065330/2022-10-12 15:57:06.938953","Economy","2022-10-12 15:57:06.938953","Student Hotel gaat uitbreiden, studentenvakbond kritisch","951",
"<sqlalchemy.orm.state.InstanceState object at 0x7f92031b4940>","42065330","0","3","951/42065330/2022-10-12 15:57:45.068921","Economy","2022-10-12 15:57:45.068921","Student Hotel gaat uitbreiden, studentenvakbond kritisch","951",
"<sqlalchemy.orm.state.InstanceState object at 0x7f92031b49d0>","42065330","0","3","951/42065330/2022-10-12 15:58:13.380524","Economy","2022-10-12 15:58:13.380524","Student Hotel gaat uitbreiden, studentenvakbond kritisch","951",
"<sqlalchemy.orm.state.InstanceState object at 0x7f92031b4a60>","42065330","0","3","952/42065330/2022-10-12 16:04:11.194768","Economy","2022-10-12 16:04:11.194768","Student Hotel gaat uitbreiden, studentenvakbond kritisch","952",
"<sqlalchemy.orm.state.InstanceState object at 0x7f92031b4af0>","1","0","3","953/1/2022-10-12 16:30:35.741866","Economy","2022-10-12 16:30:35.741866","Student Hotel gaat uitbreiden, studentenvakbond kritisch","953",
"<sqlalchemy.orm.state.InstanceState object at 0x7f92031b4b80>","1","0","3","953/1/2022-10-12 16:31:07.545971","Economy","2022-10-12 16:31:07.545971","Student Hotel gaat uitbreiden, studentenvakbond kritisch","953",
"<sqlalchemy.orm.state.InstanceState object at 0x7f92031b4c10>","9","0","3","954/9/2022-10-12 16:31:48.344952","Entertainment","2022-10-12 16:31:48.344952","Na K-Pop is K-lit nu de nieuwste hit uit het land van de Gangnam Style","954",
"<sqlalchemy.orm.state.InstanceState object at 0x7f92031b4ca0>","9","0","3","954/9/2022-10-12 16:32:38.691462","None","2022-10-12 16:32:38.691462","None","954",
"<sqlalchemy.orm.state.InstanceState object at 0x7f92031b4d30>","9","0","3","954/9/2022-10-12 16:33:05.869606","Entertainment","2022-10-12 16:33:05.869606","Na K-Pop is K-lit nu de nieuwste hit uit het land van de Gangnam Style","954",
"<sqlalchemy.orm.state.InstanceState object at 0x7f92031b4dc0>","9","0","3","954/9/2022-10-12 16:39:27.259126","None","2022-10-12 16:39:27.259126","None","954",
"<sqlalchemy.orm.state.InstanceState object at 0x7f92031b4e50>","13","3","3","955/13/2022-10-12 16:39:58.685291","Current Affairs","2022-10-12 16:39:58.685291","Worden lokale partijen bewust buitengesloten bij coalitievorming? Soms wel, zo blijkt uit onderzoek ","955",
"<sqlalchemy.orm.state.InstanceState object at 0x7f92031b4ee0>","1","0","2","956/1/2022-10-12 16:43:35.068370","Economy","2022-10-12 16:43:35.068370","Student Hotel gaat uitbreiden, studentenvakbond kritisch","956",
"<sqlalchemy.orm.state.InstanceState object at 0x7f92031b4f70>","9","0","4","956/9/2022-10-12 16:50:06.075077","Entertainment","2022-10-12 16:50:06.075077","Na K-Pop is K-lit nu de nieuwste hit uit het land van de Gangnam Style","956",
"<sqlalchemy.orm.state.InstanceState object at 0x7f92031bb040>","9","0","1","956/9/2022-10-12 16:50:33.569095","Entertainment","2022-10-12 16:50:33.569095","Na K-Pop is K-lit nu de nieuwste hit uit het land van de Gangnam Style","956",
"<sqlalchemy.orm.state.InstanceState object at 0x7f92031bb0d0>","1","0","3","960/1/2022-10-12 17:13:29.270602","Economy","2022-10-12 17:13:29.270602","Student Hotel gaat uitbreiden, studentenvakbond kritisch","960",
"<sqlalchemy.orm.state.InstanceState object at 0x7f92031bb160>","1","0","1","960/1/2022-10-12 17:14:51.933058","Economy","2022-10-12 17:14:51.933058","Student Hotel gaat uitbreiden, studentenvakbond kritisch","960",
"<sqlalchemy.orm.state.InstanceState object at 0x7f92031bb1f0>","5","0","4","961/5/2022-10-12 17:15:07.974862","Sport","2022-10-12 17:15:07.974862","Winnen ten koste van alles is prima, mits het niet ten koste van een medespeler gaat ","961",
"<sqlalchemy.orm.state.InstanceState object at 0x7f92031bb280>","13","2","2","962/13/2022-10-12 17:26:20.899232","Current Affairs","2022-10-12 17:26:20.899232","Worden lokale partijen bewust buitengesloten bij coalitievorming? Soms wel, zo blijkt uit onderzoek ","962",
"<sqlalchemy.orm.state.InstanceState object at 0x7f92031bb310>","10","0","1","962/10/2022-10-12 17:26:25.044284","Entertainment","2022-10-12 17:26:25.044284","De moshpit is het probleem niet","962",
"<sqlalchemy.orm.state.InstanceState object at 0x7f92031bb3a0>","15","3","3","962/15/2022-10-12 17:26:30.962688","Current Affairs","2022-10-12 17:26:30.962688","Het regent woonplannen. Wat betekent dit voor huurders, kopers en starters?","962",
"<sqlalchemy.orm.state.InstanceState object at 0x7f92031bb430>","12","0","4","962/12/2022-10-12 17:26:42.848652","Entertainment","2022-10-12 17:26:42.848652","Netflix pakt het met zijn games-ambitie een keer heel anders aan: bescheiden","962",
"<sqlalchemy.orm.state.InstanceState object at 0x7f92031bb4c0>","13","2","2","963/13/2022-10-12 17:29:06.007376","Current Affairs","2022-10-12 17:29:06.007376","Worden lokale partijen bewust buitengesloten bij coalitievorming? Soms wel, zo blijkt uit onderzoek ","963",
"<sqlalchemy.orm.state.InstanceState object at 0x7f92031bb550>","10","0","4","963/10/2022-10-12 17:29:10.832543","Entertainment","2022-10-12 17:29:10.832543","De moshpit is het probleem niet","963",
"<sqlalchemy.orm.state.InstanceState object at 0x7f92031bb5e0>","7","0","1","963/7/2022-10-12 17:29:14.768334","Sport","2022-10-12 17:29:14.768334","Zware verdenkingen, maar de voetbalschool was welkom","963",
"<sqlalchemy.orm.state.InstanceState object at 0x7f92031bb670>","4","0","3","963/4/2022-10-12 17:29:20.060181","Economy","2022-10-12 17:29:20.060181","Tekort aan accountants loopt komende jaren uit de hand, voorspelt ING-studie ","963",
"<sqlalchemy.orm.state.InstanceState object at 0x7f92031bb700>","13","1","1","432/13/2022-10-12 17:31:48.213769","Current Affairs","2022-10-12 17:31:48.213769","Worden lokale partijen bewust buitengesloten bij coalitievorming? Soms wel, zo blijkt uit onderzoek ","432",
"<sqlalchemy.orm.state.InstanceState object at 0x7f92031bb790>","10","0","2","432/10/2022-10-12 17:31:54.710494","Entertainment","2022-10-12 17:31:54.710494","De moshpit is het probleem niet","432",
"<sqlalchemy.orm.state.InstanceState object at 0x7f92031bb820>","15","3","3","432/15/2022-10-12 17:32:01.924696","Current Affairs","2022-10-12 17:32:01.924696","Het regent woonplannen. Wat betekent dit voor huurders, kopers en starters?","432",
"<sqlalchemy.orm.state.InstanceState object at 0x7f92031bb8b0>","12","0","4","432/12/2022-10-12 17:32:11.667002","Entertainment","2022-10-12 17:32:11.667002","Netflix pakt het met zijn games-ambitie een keer heel anders aan: bescheiden","432",
"<sqlalchemy.orm.state.InstanceState object at 0x7f92031bb940>","1","0","3","28062/1/2022-10-12 17:36:37.616341","Economy","2022-10-12 17:36:37.616341","Student Hotel gaat uitbreiden, studentenvakbond kritisch","28062",
"<sqlalchemy.orm.state.InstanceState object at 0x7f92031bb9d0>","6","0","1","28062/6/2022-10-12 17:36:44.411713","Sport","2022-10-12 17:36:44.411713","App in profvoetbal om matchfixing te melden","28062",
"<sqlalchemy.orm.state.InstanceState object at 0x7f92031bba60>","11","0","2","28062/11/2022-10-12 17:36:53.128022","Entertainment","2022-10-12 17:36:53.128022","Dutch Game Awards vieren de commerciële successen van nog altijd kleine gamesindustrie","28062",
"<sqlalchemy.orm.state.InstanceState object at 0x7f92031bbaf0>","4","0","4","28062/4/2022-10-12 17:36:59.218021","Economy","2022-10-12 17:36:59.218021","Tekort aan accountants loopt komende jaren uit de hand, voorspelt ING-studie ","28062",
"<sqlalchemy.orm.state.InstanceState object at 0x7f92031bbb80>","5","0","2","94581/5/2022-10-12 17:58:16.707104","Sport","2022-10-12 17:58:16.707104","Winnen ten koste van alles is prima, mits het niet ten koste van een medespeler gaat ","94581",
"<sqlalchemy.orm.state.InstanceState object at 0x7f92031bbc10>","10","0","1","94581/10/2022-10-12 17:58:23.323451","Entertainment","2022-10-12 17:58:23.323451","De moshpit is het probleem niet","94581",
"<sqlalchemy.orm.state.InstanceState object at 0x7f92031bbca0>","3","0","3","94581/3/2022-10-12 17:58:29.626566","Economy","2022-10-12 17:58:29.626566","Het vaste contract mag best wat losser, vindt de Nederlandsche Bank","94581",
"<sqlalchemy.orm.state.InstanceState object at 0x7f92031bbd30>","4","0","4","94581/4/2022-10-12 17:58:35.348233","Economy","2022-10-12 17:58:35.348233","Tekort aan accountants loopt komende jaren uit de hand, voorspelt ING-studie ","94581",
"<sqlalchemy.orm.state.InstanceState object at 0x7f92031bbdc0>","13","1","1","24899/13/2022-10-12 18:21:17.148690","Current Affairs","2022-10-12 18:21:17.148690","Worden lokale partijen bewust buitengesloten bij coalitievorming? Soms wel, zo blijkt uit onderzoek ","24899",
"<sqlalchemy.orm.state.InstanceState object at 0x7f92031bbe50>","10","0","2","24899/10/2022-10-12 18:21:21.795620","Entertainment","2022-10-12 18:21:21.795620","De moshpit is het probleem niet","24899",
"<sqlalchemy.orm.state.InstanceState object at 0x7f92031bbee0>","11","0","3","24899/11/2022-10-12 18:21:27.107264","Entertainment","2022-10-12 18:21:27.107264","Dutch Game Awards vieren de commerciële successen van nog altijd kleine gamesindustrie","24899",
"<sqlalchemy.orm.state.InstanceState object at 0x7f92031bbf70>","8","0","4","24899/8/2022-10-12 18:21:33.081983","Sport","2022-10-12 18:21:33.081983","Gokken is doorgedrongen tot de haarvaten van het voetbal – en dat is niet zonder gevaar ","24899",
"<sqlalchemy.orm.state.InstanceState object at 0x7f92031c2040>","9","0","2","53740/9/2022-10-13 09:06:34.974990","Entertainment","2022-10-13 09:06:34.974990","Na K-Pop is K-lit nu de nieuwste hit uit het land van de Gangnam Style","53740",
"<sqlalchemy.orm.state.InstanceState object at 0x7f92031c20d0>","14","4","4","53740/14/2022-10-13 09:06:46.907799","Current Affairs","2022-10-13 09:06:46.907799","Ministerie was te rooskleurig over Omgevingswet","53740",
"<sqlalchemy.orm.state.InstanceState object at 0x7f92031c2160>","15","1","1","53740/15/2022-10-13 09:06:53.503047","Current Affairs","2022-10-13 09:06:53.503047","Het regent woonplannen. Wat betekent dit voor huurders, kopers en starters?","53740",
"<sqlalchemy.orm.state.InstanceState object at 0x7f92031c21f0>","16","3","3","53740/16/2022-10-13 09:07:02.214040","Current Affairs","2022-10-13 09:07:02.214040","De Wet Open Overheid is eindelijk aangenomen, komt de nieuwe bestuurscultuur ook een stapje dichterbij?","53740",
"<sqlalchemy.orm.state.InstanceState object at 0x7f92031c2280>","1","0","3","722/1/2022-10-13 09:25:53.999236","Economy","2022-10-13 09:25:53.999236","Student Hotel gaat uitbreiden, studentenvakbond kritisch","722",
"<sqlalchemy.orm.state.InstanceState object at 0x7f92031c2310>","10","0","4","722/10/2022-10-13 09:26:04.600442","Entertainment","2022-10-13 09:26:04.600442","De moshpit is het probleem niet","722",
"<sqlalchemy.orm.state.InstanceState object at 0x7f92031c23a0>","7","0","1","722/7/2022-10-13 09:26:35.414337","Sport","2022-10-13 09:26:35.414337","Zware verdenkingen, maar de voetbalschool was welkom","722",
"<sqlalchemy.orm.state.InstanceState object at 0x7f92031c2430>","13","1","1","723/13/2022-10-13 09:29:26.602034","Current Affairs","2022-10-13 09:29:26.602034","Worden lokale partijen bewust buitengesloten bij coalitievorming? Soms wel, zo blijkt uit onderzoek ","723",
"<sqlalchemy.orm.state.InstanceState object at 0x7f92031c24c0>","6","0","2","723/6/2022-10-13 09:30:28.016825","Sport","2022-10-13 09:30:28.016825","App in profvoetbal om matchfixing te melden","723",
"<sqlalchemy.orm.state.InstanceState object at 0x7f92031c2550>","15","3","3","723/15/2022-10-13 09:33:10.830593","Current Affairs","2022-10-13 09:33:10.830593","Het regent woonplannen. Wat betekent dit voor huurders, kopers en starters?","723",
"<sqlalchemy.orm.state.InstanceState object at 0x7f92031c25e0>","1","0","4","724/1/2022-10-13 09:39:40.000238","Economy","2022-10-13 09:39:40.000238","Student Hotel gaat uitbreiden, studentenvakbond kritisch","724",
"<sqlalchemy.orm.state.InstanceState object at 0x7f92031c2670>","2","0","1","724/2/2022-10-13 09:41:04.962148","Economy","2022-10-13 09:41:04.962148","Ook trucks kunnen elektrisch rondrijden, maar dan moet de overheid wel een handje helpen","724",
"<sqlalchemy.orm.state.InstanceState object at 0x7f92031c2700>","15","3","3","724/15/2022-10-13 09:46:50.459718","Current Affairs","2022-10-13 09:46:50.459718","Het regent woonplannen. Wat betekent dit voor huurders, kopers en starters?","724",
"<sqlalchemy.orm.state.InstanceState object at 0x7f92031c2790>","8","0","2","724/8/2022-10-13 09:48:33.491858","Sport","2022-10-13 09:48:33.491858","Gokken is doorgedrongen tot de haarvaten van het voetbal – en dat is niet zonder gevaar ","724",
"<sqlalchemy.orm.state.InstanceState object at 0x7f92031c2820>","1","0","4","725/1/2022-10-13 09:49:26.982139","Economy","2022-10-13 09:49:26.982139","Student Hotel gaat uitbreiden, studentenvakbond kritisch","725",
"<sqlalchemy.orm.state.InstanceState object at 0x7f92031c28b0>","10","0","1","725/10/2022-10-13 09:50:39.158060","Entertainment","2022-10-13 09:50:39.158060","De moshpit is het probleem niet","725",
"<sqlalchemy.orm.state.InstanceState object at 0x7f92031c2940>","3","0","2","725/3/2022-10-13 09:56:04.147470","Economy","2022-10-13 09:56:04.147470","Het vaste contract mag best wat losser, vindt de Nederlandsche Bank","725",
"<sqlalchemy.orm.state.InstanceState object at 0x7f92031c29d0>","16","3","3","725/16/2022-10-13 10:03:52.856763","Current Affairs","2022-10-13 10:03:52.856763","De Wet Open Overheid is eindelijk aangenomen, komt de nieuwe bestuurscultuur ook een stapje dichterbij?","725",
"<sqlalchemy.orm.state.InstanceState object at 0x7f92031c2a60>","9","0","2","726/9/2022-10-13 10:08:01.726321","Entertainment","2022-10-13 10:08:01.726321","Na K-Pop is K-lit nu de nieuwste hit uit het land van de Gangnam Style","726",
"<sqlalchemy.orm.state.InstanceState object at 0x7f92031c2af0>","10","0","4","726/10/2022-10-13 10:11:32.780049","Entertainment","2022-10-13 10:11:32.780049","De moshpit is het probleem niet","726",
"<sqlalchemy.orm.state.InstanceState object at 0x7f92031c2b80>","7","0","3","726/7/2022-10-13 10:11:54.952678","Sport","2022-10-13 10:11:54.952678","Zware verdenkingen, maar de voetbalschool was welkom","726",
"<sqlalchemy.orm.state.InstanceState object at 0x7f92031c2c10>","12","0","1","726/12/2022-10-13 10:12:15.653669","Entertainment","2022-10-13 10:12:15.653669","Netflix pakt het met zijn games-ambitie een keer heel anders aan: bescheiden","726",
"<sqlalchemy.orm.state.InstanceState object at 0x7f92031c2ca0>","9","0","1","727/9/2022-10-13 10:12:35.452780","Entertainment","2022-10-13 10:12:35.452780","Na K-Pop is K-lit nu de nieuwste hit uit het land van de Gangnam Style","727",
"<sqlalchemy.orm.state.InstanceState object at 0x7f92031c2d30>","14","4","4","727/14/2022-10-13 10:12:42.435325","Current Affairs","2022-10-13 10:12:42.435325","Ministerie was te rooskleurig over Omgevingswet","727",
"<sqlalchemy.orm.state.InstanceState object at 0x7f92031c2dc0>","5","0","1","60335/5/2022-10-13 10:20:02.425070","Sport","2022-10-13 10:20:02.425070","Winnen ten koste van alles is prima, mits het niet ten koste van een medespeler gaat ","60335",
"<sqlalchemy.orm.state.InstanceState object at 0x7f92031c2e50>","6","0","3","60335/6/2022-10-13 10:20:06.987243","Sport","2022-10-13 10:20:06.987243","App in profvoetbal om matchfixing te melden","60335",
"<sqlalchemy.orm.state.InstanceState object at 0x7f92031c2ee0>","7","0","2","60335/7/2022-10-13 10:20:14.322826","Sport","2022-10-13 10:20:14.322826","Zware verdenkingen, maar de voetbalschool was welkom","60335",
"<sqlalchemy.orm.state.InstanceState object at 0x7f92031c2f70>","8","0","4","60335/8/2022-10-13 10:20:32.655596","Sport","2022-10-13 10:20:32.655596","Gokken is doorgedrongen tot de haarvaten van het voetbal – en dat is niet zonder gevaar ","60335",
"<sqlalchemy.orm.state.InstanceState object at 0x7f920314b040>","13","4","4","31416/13/2022-10-13 11:13:59.479638","Current Affairs","2022-10-13 11:13:59.479638","Worden lokale partijen bewust buitengesloten bij coalitievorming? Soms wel, zo blijkt uit onderzoek ","31416",
"<sqlalchemy.orm.state.InstanceState object at 0x7f920314b0d0>","14","2","2","31416/14/2022-10-13 11:14:08.845511","Current Affairs","2022-10-13 11:14:08.845511","Ministerie was te rooskleurig over Omgevingswet","31416",
"<sqlalchemy.orm.state.InstanceState object at 0x7f920314b160>","15","1","1","31416/15/2022-10-13 11:14:17.798673","Current Affairs","2022-10-13 11:14:17.798673","Het regent woonplannen. Wat betekent dit voor huurders, kopers en starters?","31416",
"<sqlalchemy.orm.state.InstanceState object at 0x7f920314b1f0>","16","3","3","31416/16/2022-10-13 11:14:29.297195","Current Affairs","2022-10-13 11:14:29.297195","De Wet Open Overheid is eindelijk aangenomen, komt de nieuwe bestuurscultuur ook een stapje dichterbij?","31416",
"<sqlalchemy.orm.state.InstanceState object at 0x7f920314b280>","9","0","4","87305/9/2022-10-13 11:50:59.370694","Entertainment","2022-10-13 11:50:59.370694","Na K-Pop is K-lit nu de nieuwste hit uit het land van de Gangnam Style","87305",
"<sqlalchemy.orm.state.InstanceState object at 0x7f920314b310>","13","3","3","77271/13/2022-10-13 11:51:09.953683","Current Affairs","2022-10-13 11:51:09.953683","Worden lokale partijen bewust buitengesloten bij coalitievorming? Soms wel, zo blijkt uit onderzoek ","77271",
"<sqlalchemy.orm.state.InstanceState object at 0x7f920314b3a0>","10","0","1","77271/10/2022-10-13 11:52:04.548596","Entertainment","2022-10-13 11:52:04.548596","De moshpit is het probleem niet","77271",
"<sqlalchemy.orm.state.InstanceState object at 0x7f920314b430>","11","0","2","77271/11/2022-10-13 11:53:17.064497","Entertainment","2022-10-13 11:53:17.064497","Dutch Game Awards vieren de commerciële successen van nog altijd kleine gamesindustrie","77271",
"<sqlalchemy.orm.state.InstanceState object at 0x7f920314b4c0>","14","3","3","87305/14/2022-10-13 11:53:24.956700","Current Affairs","2022-10-13 11:53:24.956700","Ministerie was te rooskleurig over Omgevingswet","87305",
"<sqlalchemy.orm.state.InstanceState object at 0x7f920314b550>","15","2","2","87305/15/2022-10-13 11:54:06.579930","Current Affairs","2022-10-13 11:54:06.579930","Het regent woonplannen. Wat betekent dit voor huurders, kopers en starters?","87305",
"<sqlalchemy.orm.state.InstanceState object at 0x7f920314b5e0>","12","0","4","77271/12/2022-10-13 11:54:55.328335","Entertainment","2022-10-13 11:54:55.328335","Netflix pakt het met zijn games-ambitie een keer heel anders aan: bescheiden","77271",
"<sqlalchemy.orm.state.InstanceState object at 0x7f920314b670>","1","0","4","50959/1/2022-10-13 11:56:32.872276","Economy","2022-10-13 11:56:32.872276","Student Hotel gaat uitbreiden, studentenvakbond kritisch","50959",
"<sqlalchemy.orm.state.InstanceState object at 0x7f920314b700>","1","0","1","93333/1/2022-10-13 11:58:47.645631","Economy","2022-10-13 11:58:47.645631","Student Hotel gaat uitbreiden, studentenvakbond kritisch","93333",
"<sqlalchemy.orm.state.InstanceState object at 0x7f920314b790>","1","0","3","49927/1/2022-10-13 12:01:06.811439","Economy","2022-10-13 12:01:06.811439","Student Hotel gaat uitbreiden, studentenvakbond kritisch","49927",
"<sqlalchemy.orm.state.InstanceState object at 0x7f920314b820>","10","0","4","93333/10/2022-10-13 12:01:23.662571","Entertainment","2022-10-13 12:01:23.662571","De moshpit is het probleem niet","93333",
"<sqlalchemy.orm.state.InstanceState object at 0x7f920314b8b0>","10","0","4","49927/10/2022-10-13 12:01:41.716722","Entertainment","2022-10-13 12:01:41.716722","De moshpit is het probleem niet","49927",
"<sqlalchemy.orm.state.InstanceState object at 0x7f920314b940>","11","0","1","49927/11/2022-10-13 12:04:35.672880","Entertainment","2022-10-13 12:04:35.672880","Dutch Game Awards vieren de commerciële successen van nog altijd kleine gamesindustrie","49927",
"<sqlalchemy.orm.state.InstanceState object at 0x7f920314b9d0>","3","0","3","93333/3/2022-10-13 12:05:02.070232","Economy","2022-10-13 12:05:02.070232","Het vaste contract mag best wat losser, vindt de Nederlandsche Bank","93333",
"<sqlalchemy.orm.state.InstanceState object at 0x7f920314ba60>","12","0","2","49927/12/2022-10-13 12:05:23.101982","Entertainment","2022-10-13 12:05:23.101982","Netflix pakt het met zijn games-ambitie een keer heel anders aan: bescheiden","49927",
"<sqlalchemy.orm.state.InstanceState object at 0x7f920314baf0>","16","2","2","93333/16/2022-10-13 12:06:46.866962","Current Affairs","2022-10-13 12:06:46.866962","De Wet Open Overheid is eindelijk aangenomen, komt de nieuwe bestuurscultuur ook een stapje dichterbij?","93333",
"<sqlalchemy.orm.state.InstanceState object at 0x7f920314bb80>","5","0","4","64844/5/2022-10-13 12:08:32.497976","Sport","2022-10-13 12:08:32.497976","Winnen ten koste van alles is prima, mits het niet ten koste van een medespeler gaat ","64844",
"<sqlalchemy.orm.state.InstanceState object at 0x7f920314bc10>","13","4","4","13063/13/2022-10-13 12:08:41.326816","Current Affairs","2022-10-13 12:08:41.326816","Worden lokale partijen bewust buitengesloten bij coalitievorming? Soms wel, zo blijkt uit onderzoek ","13063",
"<sqlalchemy.orm.state.InstanceState object at 0x7f920314bca0>","14","1","1","64844/14/2022-10-13 12:09:24.690126","Current Affairs","2022-10-13 12:09:24.690126","Ministerie was te rooskleurig over Omgevingswet","64844",
"<sqlalchemy.orm.state.InstanceState object at 0x7f920314bd30>","14","3","3","13063/14/2022-10-13 12:09:33.312784","Current Affairs","2022-10-13 12:09:33.312784","Ministerie was te rooskleurig over Omgevingswet","13063",
"<sqlalchemy.orm.state.InstanceState object at 0x7f920314bdc0>","1","0","1","51816/1/2022-10-13 12:09:40.830528","Economy","2022-10-13 12:09:40.830528","Student Hotel gaat uitbreiden, studentenvakbond kritisch","51816",
"<sqlalchemy.orm.state.InstanceState object at 0x7f920314be50>","15","2","2","13063/15/2022-10-13 12:09:59.702365","Current Affairs","2022-10-13 12:09:59.702365","Het regent woonplannen. Wat betekent dit voor huurders, kopers en starters?","13063",
"<sqlalchemy.orm.state.InstanceState object at 0x7f920314bee0>","13","4","4","86604/13/2022-10-13 12:10:10.003413","Current Affairs","2022-10-13 12:10:10.003413","Worden lokale partijen bewust buitengesloten bij coalitievorming? Soms wel, zo blijkt uit onderzoek ","86604",
"<sqlalchemy.orm.state.InstanceState object at 0x7f920314bf70>","12","0","1","13063/12/2022-10-13 12:10:16.112191","Entertainment","2022-10-13 12:10:16.112191","Netflix pakt het met zijn games-ambitie een keer heel anders aan: bescheiden","13063",
"<sqlalchemy.orm.state.InstanceState object at 0x7f9203152040>","3","0","3","64844/3/2022-10-13 12:10:33.245642","Economy","2022-10-13 12:10:33.245642","Het vaste contract mag best wat losser, vindt de Nederlandsche Bank","64844",
"<sqlalchemy.orm.state.InstanceState object at 0x7f92031520d0>","6","0","2","51816/6/2022-10-13 12:10:48.784281","Sport","2022-10-13 12:10:48.784281","App in profvoetbal om matchfixing te melden","51816",
"<sqlalchemy.orm.state.InstanceState object at 0x7f9203152160>","9","0","4","66024/9/2022-10-13 12:10:49.656637","Entertainment","2022-10-13 12:10:49.656637","Na K-Pop is K-lit nu de nieuwste hit uit het land van de Gangnam Style","66024",
"<sqlalchemy.orm.state.InstanceState object at 0x7f92031521f0>","4","0","2","64844/4/2022-10-13 12:11:18.998217","Economy","2022-10-13 12:11:18.998217","Tekort aan accountants loopt komende jaren uit de hand, voorspelt ING-studie ","64844",
"<sqlalchemy.orm.state.InstanceState object at 0x7f9203152280>","9","0","4","24893/9/2022-10-13 12:11:30.320851","Entertainment","2022-10-13 12:11:30.320851","Na K-Pop is K-lit nu de nieuwste hit uit het land van de Gangnam Style","24893",
"<sqlalchemy.orm.state.InstanceState object at 0x7f9203152310>","6","0","3","66024/6/2022-10-13 12:11:36.139285","Sport","2022-10-13 12:11:36.139285","App in profvoetbal om matchfixing te melden","66024",
"<sqlalchemy.orm.state.InstanceState object at 0x7f92031523a0>","15","2","2","66024/15/2022-10-13 12:11:48.595043","Current Affairs","2022-10-13 12:11:48.595043","Het regent woonplannen. Wat betekent dit voor huurders, kopers en starters?","66024",
"<sqlalchemy.orm.state.InstanceState object at 0x7f9203152430>","12","0","1","66024/12/2022-10-13 12:11:58.867225","Entertainment","2022-10-13 12:11:58.867225","Netflix pakt het met zijn games-ambitie een keer heel anders aan: bescheiden","66024",
"<sqlalchemy.orm.state.InstanceState object at 0x7f92031524c0>","15","4","4","51816/15/2022-10-13 12:12:00.459750","Current Affairs","2022-10-13 12:12:00.459750","Het regent woonplannen. Wat betekent dit voor huurders, kopers en starters?","51816",
"<sqlalchemy.orm.state.InstanceState object at 0x7f9203152550>","10","0","1","24893/10/2022-10-13 12:12:41.074511","Entertainment","2022-10-13 12:12:41.074511","De moshpit is het probleem niet","24893",
"<sqlalchemy.orm.state.InstanceState object at 0x7f92031525e0>","1","0","1","30622/1/2022-10-13 12:12:53.621382","Economy","2022-10-13 12:12:53.621382","Student Hotel gaat uitbreiden, studentenvakbond kritisch","30622",
"<sqlalchemy.orm.state.InstanceState object at 0x7f9203152670>","14","1","1","77788/14/2022-10-13 12:13:14.965915","Current Affairs","2022-10-13 12:13:14.965915","Ministerie was te rooskleurig over Omgevingswet","77788",
"<sqlalchemy.orm.state.InstanceState object at 0x7f9203152700>","6","0","1","86604/6/2022-10-13 12:13:25.185858","Sport","2022-10-13 12:13:25.185858","App in profvoetbal om matchfixing te melden","86604",
"<sqlalchemy.orm.state.InstanceState object at 0x7f9203152790>","14","2","2","30622/14/2022-10-13 12:14:04.857114","Current Affairs","2022-10-13 12:14:04.857114","Ministerie was te rooskleurig over Omgevingswet","30622",
"<sqlalchemy.orm.state.InstanceState object at 0x7f9203152820>","5","0","3","48405/5/2022-10-13 12:14:29.413215","Sport","2022-10-13 12:14:29.413215","Winnen ten koste van alles is prima, mits het niet ten koste van een medespeler gaat ","48405",
"<sqlalchemy.orm.state.InstanceState object at 0x7f92031528b0>","9","0","3","72315/9/2022-10-13 12:14:52.197236","Entertainment","2022-10-13 12:14:52.197236","Na K-Pop is K-lit nu de nieuwste hit uit het land van de Gangnam Style","72315",
"<sqlalchemy.orm.state.InstanceState object at 0x7f9203152940>","6","0","4","48405/6/2022-10-13 12:15:49.092800","Sport","2022-10-13 12:15:49.092800","App in profvoetbal om matchfixing te melden","48405",
"<sqlalchemy.orm.state.InstanceState object at 0x7f92031529d0>","5","0","3","20217/5/2022-10-13 12:15:51.633179","Sport","2022-10-13 12:15:51.633179","Winnen ten koste van alles is prima, mits het niet ten koste van een medespeler gaat ","20217",
"<sqlalchemy.orm.state.InstanceState object at 0x7f9203152a60>","11","0","2","24893/11/2022-10-13 12:16:00.897127","Entertainment","2022-10-13 12:16:00.897127","Dutch Game Awards vieren de commerciële successen van nog altijd kleine gamesindustrie","24893",
"<sqlalchemy.orm.state.InstanceState object at 0x7f9203152af0>","15","1","1","48405/15/2022-10-13 12:16:03.845469","Current Affairs","2022-10-13 12:16:03.845469","Het regent woonplannen. Wat betekent dit voor huurders, kopers en starters?","48405",
"<sqlalchemy.orm.state.InstanceState object at 0x7f9203152b80>","15","3","3","30622/15/2022-10-13 12:16:04.686989","Current Affairs","2022-10-13 12:16:04.686989","Het regent woonplannen. Wat betekent dit voor huurders, kopers en starters?","30622",
"<sqlalchemy.orm.state.InstanceState object at 0x7f9203152c10>","4","0","2","48405/4/2022-10-13 12:16:31.199201","Economy","2022-10-13 12:16:31.199201","Tekort aan accountants loopt komende jaren uit de hand, voorspelt ING-studie ","48405",
"<sqlalchemy.orm.state.InstanceState object at 0x7f9203152ca0>","6","0","1","20217/6/2022-10-13 12:17:13.651918","Sport","2022-10-13 12:17:13.651918","App in profvoetbal om matchfixing te melden","20217",
"<sqlalchemy.orm.state.InstanceState object at 0x7f9203152d30>","16","4","4","30622/16/2022-10-13 12:17:17.980556","Current Affairs","2022-10-13 12:17:17.980556","De Wet Open Overheid is eindelijk aangenomen, komt de nieuwe bestuurscultuur ook een stapje dichterbij?","30622",
"<sqlalchemy.orm.state.InstanceState object at 0x7f9203152dc0>","10","0","1","72315/10/2022-10-13 12:17:28.014572","Entertainment","2022-10-13 12:17:28.014572","De moshpit is het probleem niet","72315",
"<sqlalchemy.orm.state.InstanceState object at 0x7f9203152e50>","12","0","3","24893/12/2022-10-13 12:17:41.424177","Entertainment","2022-10-13 12:17:41.424177","Netflix pakt het met zijn games-ambitie een keer heel anders aan: bescheiden","24893",
"<sqlalchemy.orm.state.InstanceState object at 0x7f9203152ee0>","16","3","3","51816/16/2022-10-13 12:18:43.663443","Current Affairs","2022-10-13 12:18:43.663443","De Wet Open Overheid is eindelijk aangenomen, komt de nieuwe bestuurscultuur ook een stapje dichterbij?","51816",
"<sqlalchemy.orm.state.InstanceState object at 0x7f9203152f70>","11","0","4","20217/11/2022-10-13 12:19:13.302962","Entertainment","2022-10-13 12:19:13.302962","Dutch Game Awards vieren de commerciële successen van nog altijd kleine gamesindustrie","20217",
"<sqlalchemy.orm.state.InstanceState object at 0x7f920315b040>","15","2","2","86604/15/2022-10-13 12:19:15.155629","Current Affairs","2022-10-13 12:19:15.155629","Het regent woonplannen. Wat betekent dit voor huurders, kopers en starters?","86604",
"<sqlalchemy.orm.state.InstanceState object at 0x7f920315b0d0>","15","2","2","72315/15/2022-10-13 12:19:25.180686","Current Affairs","2022-10-13 12:19:25.180686","Het regent woonplannen. Wat betekent dit voor huurders, kopers en starters?","72315",
"<sqlalchemy.orm.state.InstanceState object at 0x7f920315b160>","1","0","1","62540/1/2022-10-13 12:19:53.610807","Economy","2022-10-13 12:19:53.610807","Student Hotel gaat uitbreiden, studentenvakbond kritisch","62540",
"<sqlalchemy.orm.state.InstanceState object at 0x7f920315b1f0>","9","0","3","15142/9/2022-10-13 12:20:35.034316","Entertainment","2022-10-13 12:20:35.034316","Na K-Pop is K-lit nu de nieuwste hit uit het land van de Gangnam Style","15142",
"<sqlalchemy.orm.state.InstanceState object at 0x7f920315b280>","1","0","1","68122/1/2022-10-13 12:20:40.090595","Economy","2022-10-13 12:20:40.090595","Student Hotel gaat uitbreiden, studentenvakbond kritisch","68122",
"<sqlalchemy.orm.state.InstanceState object at 0x7f920315b310>","13","1","1","88714/13/2022-10-13 12:20:42.869298","Current Affairs","2022-10-13 12:20:42.869298","Worden lokale partijen bewust buitengesloten bij coalitievorming? Soms wel, zo blijkt uit onderzoek ","88714",
"<sqlalchemy.orm.state.InstanceState object at 0x7f920315b3a0>","16","2","2","20217/16/2022-10-13 12:20:55.461248","Current Affairs","2022-10-13 12:20:55.461248","De Wet Open Overheid is eindelijk aangenomen, komt de nieuwe bestuurscultuur ook een stapje dichterbij?","20217",
"<sqlalchemy.orm.state.InstanceState object at 0x7f920315b430>","1","0","4","50959/1/2022-10-13 12:21:01.461788","Economy","2022-10-13 12:21:01.461788","Student Hotel gaat uitbreiden, studentenvakbond kritisch","50959",
"<sqlalchemy.orm.state.InstanceState object at 0x7f920315b4c0>","6","0","3","62540/6/2022-10-13 12:21:49.968505","Sport","2022-10-13 12:21:49.968505","App in profvoetbal om matchfixing te melden","62540",
"<sqlalchemy.orm.state.InstanceState object at 0x7f920315b550>","12","0","4","72315/12/2022-10-13 12:21:56.623791","Entertainment","2022-10-13 12:21:56.623791","Netflix pakt het met zijn games-ambitie een keer heel anders aan: bescheiden","72315",
"<sqlalchemy.orm.state.InstanceState object at 0x7f920315b5e0>","14","3","3","68122/14/2022-10-13 12:21:57.969945","Current Affairs","2022-10-13 12:21:57.969945","Ministerie was te rooskleurig over Omgevingswet","68122",
"<sqlalchemy.orm.state.InstanceState object at 0x7f920315b670>","9","0","3","16635/9/2022-10-13 12:22:20.558213","Entertainment","2022-10-13 12:22:20.558213","Na K-Pop is K-lit nu de nieuwste hit uit het land van de Gangnam Style","16635",
"<sqlalchemy.orm.state.InstanceState object at 0x7f920315b700>","10","0","1","15142/10/2022-10-13 12:22:22.038020","Entertainment","2022-10-13 12:22:22.038020","De moshpit is het probleem niet","15142",
"<sqlalchemy.orm.state.InstanceState object at 0x7f920315b790>","1","0","4","19785/1/2022-10-13 12:22:29.070047","Economy","2022-10-13 12:22:29.070047","Student Hotel gaat uitbreiden, studentenvakbond kritisch","19785",
"<sqlalchemy.orm.state.InstanceState object at 0x7f920315b820>","14","2","2","16635/14/2022-10-13 12:22:52.561320","Current Affairs","2022-10-13 12:22:52.561320","Ministerie was te rooskleurig over Omgevingswet","16635",
"<sqlalchemy.orm.state.InstanceState object at 0x7f920315b8b0>","15","4","4","68122/15/2022-10-13 12:22:54.130082","Current Affairs","2022-10-13 12:22:54.130082","Het regent woonplannen. Wat betekent dit voor huurders, kopers en starters?","68122",
"<sqlalchemy.orm.state.InstanceState object at 0x7f920315b940>","15","1","1","16635/15/2022-10-13 12:23:01.588540","Current Affairs","2022-10-13 12:23:01.588540","Het regent woonplannen. Wat betekent dit voor huurders, kopers en starters?","16635",
"<sqlalchemy.orm.state.InstanceState object at 0x7f920315b9d0>","12","0","4","16635/12/2022-10-13 12:23:14.143531","Entertainment","2022-10-13 12:23:14.143531","Netflix pakt het met zijn games-ambitie een keer heel anders aan: bescheiden","16635",
"<sqlalchemy.orm.state.InstanceState object at 0x7f920315ba60>","15","2","2","62540/15/2022-10-13 12:23:41.497555","Current Affairs","2022-10-13 12:23:41.497555","Het regent woonplannen. Wat betekent dit voor huurders, kopers en starters?","62540",
"<sqlalchemy.orm.state.InstanceState object at 0x7f920315baf0>","7","0","2","15142/7/2022-10-13 12:23:59.499659","Sport","2022-10-13 12:23:59.499659","Zware verdenkingen, maar de voetbalschool was welkom","15142",
"<sqlalchemy.orm.state.InstanceState object at 0x7f920315bb80>","2","0","3","19785/2/2022-10-13 12:24:05.237184","Economy","2022-10-13 12:24:05.237184","Ook trucks kunnen elektrisch rondrijden, maar dan moet de overheid wel een handje helpen","19785",
"<sqlalchemy.orm.state.InstanceState object at 0x7f920315bc10>","12","0","2","49927/12/2022-10-13 12:24:28.071531","Entertainment","2022-10-13 12:24:28.071531","Netflix pakt het met zijn games-ambitie een keer heel anders aan: bescheiden","49927",
"<sqlalchemy.orm.state.InstanceState object at 0x7f920315bca0>","15","1","1","19785/15/2022-10-13 12:24:52.131528","Current Affairs","2022-10-13 12:24:52.131528","Het regent woonplannen. Wat betekent dit voor huurders, kopers en starters?","19785",
"<sqlalchemy.orm.state.InstanceState object at 0x7f920315bd30>","12","0","2","68122/12/2022-10-13 12:24:56.295655","Entertainment","2022-10-13 12:24:56.295655","Netflix pakt het met zijn games-ambitie een keer heel anders aan: bescheiden","68122",
"<sqlalchemy.orm.state.InstanceState object at 0x7f920315bdc0>","9","0","4","83224/9/2022-10-13 12:25:04.852944","Entertainment","2022-10-13 12:25:04.852944","Na K-Pop is K-lit nu de nieuwste hit uit het land van de Gangnam Style","83224",
"<sqlalchemy.orm.state.InstanceState object at 0x7f920315be50>","14","3","3","83224/14/2022-10-13 12:25:41.183216","Current Affairs","2022-10-13 12:25:41.183216","Ministerie was te rooskleurig over Omgevingswet","83224",
"<sqlalchemy.orm.state.InstanceState object at 0x7f920315bee0>","1","0","1","50922/1/2022-10-13 12:25:54.901797","Economy","2022-10-13 12:25:54.901797","Student Hotel gaat uitbreiden, studentenvakbond kritisch","50922",
"<sqlalchemy.orm.state.InstanceState object at 0x7f920315bf70>","11","0","2","49927/11/2022-10-13 12:25:56.252069","Entertainment","2022-10-13 12:25:56.252069","Dutch Game Awards vieren de commerciële successen van nog altijd kleine gamesindustrie","49927",
"<sqlalchemy.orm.state.InstanceState object at 0x7f9203164040>","8","0","2","19785/8/2022-10-13 12:26:05.064530","Sport","2022-10-13 12:26:05.064530","Gokken is doorgedrongen tot de haarvaten van het voetbal – en dat is niet zonder gevaar ","19785",
"<sqlalchemy.orm.state.InstanceState object at 0x7f92031640d0>","8","0","4","62540/8/2022-10-13 12:26:05.683890","Sport","2022-10-13 12:26:05.683890","Gokken is doorgedrongen tot de haarvaten van het voetbal – en dat is niet zonder gevaar ","62540",
"<sqlalchemy.orm.state.InstanceState object at 0x7f9203164160>","12","0","4","15142/12/2022-10-13 12:26:20.728724","Entertainment","2022-10-13 12:26:20.728724","Netflix pakt het met zijn games-ambitie een keer heel anders aan: bescheiden","15142",
"<sqlalchemy.orm.state.InstanceState object at 0x7f92031641f0>","15","2","2","83224/15/2022-10-13 12:26:23.094545","Current Affairs","2022-10-13 12:26:23.094545","Het regent woonplannen. Wat betekent dit voor huurders, kopers en starters?","83224",
"<sqlalchemy.orm.state.InstanceState object at 0x7f9203164280>","12","0","1","83224/12/2022-10-13 12:26:57.890433","Entertainment","2022-10-13 12:26:57.890433","Netflix pakt het met zijn games-ambitie een keer heel anders aan: bescheiden","83224",
"<sqlalchemy.orm.state.InstanceState object at 0x7f9203164310>","9","0","2","30064/9/2022-10-13 12:27:56.713626","Entertainment","2022-10-13 12:27:56.713626","Na K-Pop is K-lit nu de nieuwste hit uit het land van de Gangnam Style","30064",
"<sqlalchemy.orm.state.InstanceState object at 0x7f92031643a0>","12","0","3","86604/12/2022-10-13 12:28:41.502294","Entertainment","2022-10-13 12:28:41.502294","Netflix pakt het met zijn games-ambitie een keer heel anders aan: bescheiden","86604",
"<sqlalchemy.orm.state.InstanceState object at 0x7f9203164430>","6","0","2","50922/6/2022-10-13 12:28:54.508218","Sport","2022-10-13 12:28:54.508218","App in profvoetbal om matchfixing te melden","50922",
"<sqlalchemy.orm.state.InstanceState object at 0x7f92031644c0>","9","0","3","70825/9/2022-10-13 12:29:19.519826","Entertainment","2022-10-13 12:29:19.519826","Na K-Pop is K-lit nu de nieuwste hit uit het land van de Gangnam Style","70825",
"<sqlalchemy.orm.state.InstanceState object at 0x7f9203164550>","1","0","2","49927/1/2022-10-13 12:29:35.502346","Economy","2022-10-13 12:29:35.502346","Student Hotel gaat uitbreiden, studentenvakbond kritisch","49927",
"<sqlalchemy.orm.state.InstanceState object at 0x7f92031645e0>","13","3","3","32332/13/2022-10-13 12:29:44.498673","Current Affairs","2022-10-13 12:29:44.498673","Worden lokale partijen bewust buitengesloten bij coalitievorming? Soms wel, zo blijkt uit onderzoek ","32332",
"<sqlalchemy.orm.state.InstanceState object at 0x7f9203164670>","10","0","1","70825/10/2022-10-13 12:30:06.661400","Entertainment","2022-10-13 12:30:06.661400","De moshpit is het probleem niet","70825",
"<sqlalchemy.orm.state.InstanceState object at 0x7f9203164700>","6","0","3","30064/6/2022-10-13 12:31:08.188144","Sport","2022-10-13 12:31:08.188144","App in profvoetbal om matchfixing te melden","30064",
"<sqlalchemy.orm.state.InstanceState object at 0x7f9203164790>","15","4","4","70825/15/2022-10-13 12:31:33.299993","Current Affairs","2022-10-13 12:31:33.299993","Het regent woonplannen. Wat betekent dit voor huurders, kopers en starters?","70825",
"<sqlalchemy.orm.state.InstanceState object at 0x7f9203164820>","2","0","2","32332/2/2022-10-13 12:31:34.177583","Economy","2022-10-13 12:31:34.177583","Ook trucks kunnen elektrisch rondrijden, maar dan moet de overheid wel een handje helpen","32332",
"<sqlalchemy.orm.state.InstanceState object at 0x7f92031648b0>","15","4","4","50922/15/2022-10-13 12:32:01.742001","Current Affairs","2022-10-13 12:32:01.742001","Het regent woonplannen. Wat betekent dit voor huurders, kopers en starters?","50922",
"<sqlalchemy.orm.state.InstanceState object at 0x7f9203164940>","7","0","4","30064/7/2022-10-13 12:32:24.986220","Sport","2022-10-13 12:32:24.986220","Zware verdenkingen, maar de voetbalschool was welkom","30064",
"<sqlalchemy.orm.state.InstanceState object at 0x7f92031649d0>","12","0","2","70825/12/2022-10-13 12:32:52.494233","Entertainment","2022-10-13 12:32:52.494233","Netflix pakt het met zijn games-ambitie een keer heel anders aan: bescheiden","70825",
"<sqlalchemy.orm.state.InstanceState object at 0x7f9203164a60>","13","2","2","31609/13/2022-10-13 12:33:00.562117","Current Affairs","2022-10-13 12:33:00.562117","Worden lokale partijen bewust buitengesloten bij coalitievorming? Soms wel, zo blijkt uit onderzoek ","31609",
"<sqlalchemy.orm.state.InstanceState object at 0x7f9203164af0>","14","1","1","31609/14/2022-10-13 12:33:08.268640","Current Affairs","2022-10-13 12:33:08.268640","Ministerie was te rooskleurig over Omgevingswet","31609",
"<sqlalchemy.orm.state.InstanceState object at 0x7f9203164b80>","7","0","4","31609/7/2022-10-13 12:33:15.261305","Sport","2022-10-13 12:33:15.261305","Zware verdenkingen, maar de voetbalschool was welkom","31609",
"<sqlalchemy.orm.state.InstanceState object at 0x7f9203164c10>","1","0","4","16826/1/2022-10-13 12:33:22.219713","Economy","2022-10-13 12:33:22.219713","Student Hotel gaat uitbreiden, studentenvakbond kritisch","16826",
"<sqlalchemy.orm.state.InstanceState object at 0x7f9203164ca0>","8","0","3","31609/8/2022-10-13 12:33:28.324264","Sport","2022-10-13 12:33:28.324264","Gokken is doorgedrongen tot de haarvaten van het voetbal – en dat is niet zonder gevaar ","31609",
"<sqlalchemy.orm.state.InstanceState object at 0x7f9203164d30>","9","0","3","64321/9/2022-10-13 12:33:47.594822","Entertainment","2022-10-13 12:33:47.594822","Na K-Pop is K-lit nu de nieuwste hit uit het land van de Gangnam Style","64321",
"<sqlalchemy.orm.state.InstanceState object at 0x7f9203164dc0>","10","0","2","16826/10/2022-10-13 12:34:08.042314","Entertainment","2022-10-13 12:34:08.042314","De moshpit is het probleem niet","16826",
"<sqlalchemy.orm.state.InstanceState object at 0x7f9203164e50>","3","0","4","32332/3/2022-10-13 12:34:08.605166","Economy","2022-10-13 12:34:08.605166","Het vaste contract mag best wat losser, vindt de Nederlandsche Bank","32332",
"<sqlalchemy.orm.state.InstanceState object at 0x7f9203164ee0>","8","0","1","30064/8/2022-10-13 12:34:23.941062","Sport","2022-10-13 12:34:23.941062","Gokken is doorgedrongen tot de haarvaten van het voetbal – en dat is niet zonder gevaar ","30064",
"<sqlalchemy.orm.state.InstanceState object at 0x7f9203164f70>","14","1","1","64321/14/2022-10-13 12:34:28.132748","Current Affairs","2022-10-13 12:34:28.132748","Ministerie was te rooskleurig over Omgevingswet","64321",
"<sqlalchemy.orm.state.InstanceState object at 0x7f920316c040>","1","0","4","74273/1/2022-10-13 12:34:42.051088","Economy","2022-10-13 12:34:42.051088","Student Hotel gaat uitbreiden, studentenvakbond kritisch","74273",
"<sqlalchemy.orm.state.InstanceState object at 0x7f920316c0d0>","3","0","1","16826/3/2022-10-13 12:34:49.168260","Economy","2022-10-13 12:34:49.168260","Het vaste contract mag best wat losser, vindt de Nederlandsche Bank","16826",
"<sqlalchemy.orm.state.InstanceState object at 0x7f920316c160>","16","3","3","16826/16/2022-10-13 12:35:22.288474","Current Affairs","2022-10-13 12:35:22.288474","De Wet Open Overheid is eindelijk aangenomen, komt de nieuwe bestuurscultuur ook een stapje dichterbij?","16826",
"<sqlalchemy.orm.state.InstanceState object at 0x7f920316c1f0>","8","0","1","32332/8/2022-10-13 12:36:14.853284","Sport","2022-10-13 12:36:14.853284","Gokken is doorgedrongen tot de haarvaten van het voetbal – en dat is niet zonder gevaar ","32332",
"<sqlalchemy.orm.state.InstanceState object at 0x7f920316c280>","12","0","2","70825/12/2022-10-13 12:36:22.325278","Entertainment","2022-10-13 12:36:22.325278","Netflix pakt het met zijn games-ambitie een keer heel anders aan: bescheiden","70825",
"<sqlalchemy.orm.state.InstanceState object at 0x7f920316c310>","10","0","3","74273/10/2022-10-13 12:36:30.577065","Entertainment","2022-10-13 12:36:30.577065","De moshpit is het probleem niet","74273",
"<sqlalchemy.orm.state.InstanceState object at 0x7f920316c3a0>","3","0","2","64321/3/2022-10-13 12:36:33.995470","Economy","2022-10-13 12:36:33.995470","Het vaste contract mag best wat losser, vindt de Nederlandsche Bank","64321",
"<sqlalchemy.orm.state.InstanceState object at 0x7f920316c430>","13","1","1","85894/13/2022-10-13 12:36:44.572310","Current Affairs","2022-10-13 12:36:44.572310","Worden lokale partijen bewust buitengesloten bij coalitievorming? Soms wel, zo blijkt uit onderzoek ","85894",
"<sqlalchemy.orm.state.InstanceState object at 0x7f920316c4c0>","14","2","2","85894/14/2022-10-13 12:36:54.993599","Current Affairs","2022-10-13 12:36:54.993599","Ministerie was te rooskleurig over Omgevingswet","85894",
"<sqlalchemy.orm.state.InstanceState object at 0x7f920316c550>","12","0","3","50922/12/2022-10-13 12:36:59.297635","Entertainment","2022-10-13 12:36:59.297635","Netflix pakt het met zijn games-ambitie een keer heel anders aan: bescheiden","50922",
"<sqlalchemy.orm.state.InstanceState object at 0x7f920316c5e0>","7","0","3","85894/7/2022-10-13 12:37:10.707644","Sport","2022-10-13 12:37:10.707644","Zware verdenkingen, maar de voetbalschool was welkom","85894",
"<sqlalchemy.orm.state.InstanceState object at 0x7f920316c670>","13","4","4","32563/13/2022-10-13 12:37:13.874398","Current Affairs","2022-10-13 12:37:13.874398","Worden lokale partijen bewust buitengesloten bij coalitievorming? Soms wel, zo blijkt uit onderzoek ","32563",
"<sqlalchemy.orm.state.InstanceState object at 0x7f920316c700>","8","0","4","85894/8/2022-10-13 12:37:26.480295","Sport","2022-10-13 12:37:26.480295","Gokken is doorgedrongen tot de haarvaten van het voetbal – en dat is niet zonder gevaar ","85894",
"<sqlalchemy.orm.state.InstanceState object at 0x7f920316c790>","12","0","4","64321/12/2022-10-13 12:37:35.137245","Entertainment","2022-10-13 12:37:35.137245","Netflix pakt het met zijn games-ambitie een keer heel anders aan: bescheiden","64321",
"<sqlalchemy.orm.state.InstanceState object at 0x7f920316c820>","13","1","1","61940/13/2022-10-13 12:37:45.754909","Current Affairs","2022-10-13 12:37:45.754909","Worden lokale partijen bewust buitengesloten bij coalitievorming? Soms wel, zo blijkt uit onderzoek ","61940",
"<sqlalchemy.orm.state.InstanceState object at 0x7f920316c8b0>","13","3","3","27392/13/2022-10-13 12:37:55.418525","Current Affairs","2022-10-13 12:37:55.418525","Worden lokale partijen bewust buitengesloten bij coalitievorming? Soms wel, zo blijkt uit onderzoek ","27392",
"<sqlalchemy.orm.state.InstanceState object at 0x7f920316c940>","11","0","2","74273/11/2022-10-13 12:38:26.591790","Entertainment","2022-10-13 12:38:26.591790","Dutch Game Awards vieren de commerciële successen van nog altijd kleine gamesindustrie","74273",
"<sqlalchemy.orm.state.InstanceState object at 0x7f920316c9d0>","2","0","2","32563/2/2022-10-13 12:38:38.586556","Economy","2022-10-13 12:38:38.586556","Ook trucks kunnen elektrisch rondrijden, maar dan moet de overheid wel een handje helpen","32563",
"<sqlalchemy.orm.state.InstanceState object at 0x7f920316ca60>","2","0","1","27392/2/2022-10-13 12:39:19.212347","Economy","2022-10-13 12:39:19.212347","Ook trucks kunnen elektrisch rondrijden, maar dan moet de overheid wel een handje helpen","27392",
"<sqlalchemy.orm.state.InstanceState object at 0x7f920316caf0>","9","0","2","79728/9/2022-10-13 12:39:33.071991","Entertainment","2022-10-13 12:39:33.071991","Na K-Pop is K-lit nu de nieuwste hit uit het land van de Gangnam Style","79728",
"<sqlalchemy.orm.state.InstanceState object at 0x7f920316cb80>","14","3","3","61940/14/2022-10-13 12:39:33.750624","Current Affairs","2022-10-13 12:39:33.750624","Ministerie was te rooskleurig over Omgevingswet","61940",
"<sqlalchemy.orm.state.InstanceState object at 0x7f920316cc10>","6","0","3","79728/6/2022-10-13 12:39:54.661670","Sport","2022-10-13 12:39:54.661670","App in profvoetbal om matchfixing te melden","79728",
"<sqlalchemy.orm.state.InstanceState object at 0x7f920316cca0>","15","1","1","79728/15/2022-10-13 12:40:14.331682","Current Affairs","2022-10-13 12:40:14.331682","Het regent woonplannen. Wat betekent dit voor huurders, kopers en starters?","79728",
"<sqlalchemy.orm.state.InstanceState object at 0x7f920316cd30>","15","3","3","32563/15/2022-10-13 12:40:18.402818","Current Affairs","2022-10-13 12:40:18.402818","Het regent woonplannen. Wat betekent dit voor huurders, kopers en starters?","32563",
"<sqlalchemy.orm.state.InstanceState object at 0x7f920316cdc0>","4","0","4","79728/4/2022-10-13 12:40:25.634835","Economy","2022-10-13 12:40:25.634835","Tekort aan accountants loopt komende jaren uit de hand, voorspelt ING-studie ","79728",
"<sqlalchemy.orm.state.InstanceState object at 0x7f920316ce50>","4","0","1","74273/4/2022-10-13 12:40:27.731830","Economy","2022-10-13 12:40:27.731830","Tekort aan accountants loopt komende jaren uit de hand, voorspelt ING-studie ","74273",
"<sqlalchemy.orm.state.InstanceState object at 0x7f920316cee0>","9","0","4","25552/9/2022-10-13 12:40:32.673719","Entertainment","2022-10-13 12:40:32.673719","Na K-Pop is K-lit nu de nieuwste hit uit het land van de Gangnam Style","25552",
"<sqlalchemy.orm.state.InstanceState object at 0x7f920316cf70>","4","0","1","32563/4/2022-10-13 12:40:59.970302","Economy","2022-10-13 12:40:59.970302","Tekort aan accountants loopt komende jaren uit de hand, voorspelt ING-studie ","32563",
"<sqlalchemy.orm.state.InstanceState object at 0x7f9203174040>","15","2","2","61940/15/2022-10-13 12:41:55.813042","Current Affairs","2022-10-13 12:41:55.813042","Het regent woonplannen. Wat betekent dit voor huurders, kopers en starters?","61940",
"<sqlalchemy.orm.state.InstanceState object at 0x7f92031740d0>","11","0","4","27392/11/2022-10-13 12:42:08.746109","Entertainment","2022-10-13 12:42:08.746109","Dutch Game Awards vieren de commerciële successen van nog altijd kleine gamesindustrie","27392",
"<sqlalchemy.orm.state.InstanceState object at 0x7f9203174160>","13","3","3","45773/13/2022-10-13 12:43:08.298803","Current Affairs","2022-10-13 12:43:08.298803","Worden lokale partijen bewust buitengesloten bij coalitievorming? Soms wel, zo blijkt uit onderzoek ","45773",
"<sqlalchemy.orm.state.InstanceState object at 0x7f92031741f0>","13","3","3","65268/13/2022-10-13 12:43:28.912907","Current Affairs","2022-10-13 12:43:28.912907","Worden lokale partijen bewust buitengesloten bij coalitievorming? Soms wel, zo blijkt uit onderzoek ","65268",
"<sqlalchemy.orm.state.InstanceState object at 0x7f9203174280>","2","0","4","65268/2/2022-10-13 12:43:43.686475","Economy","2022-10-13 12:43:43.686475","Ook trucks kunnen elektrisch rondrijden, maar dan moet de overheid wel een handje helpen","65268",
"<sqlalchemy.orm.state.InstanceState object at 0x7f9203174310>","5","0","3","59604/5/2022-10-13 12:43:47.628207","Sport","2022-10-13 12:43:47.628207","Winnen ten koste van alles is prima, mits het niet ten koste van een medespeler gaat ","59604",
"<sqlalchemy.orm.state.InstanceState object at 0x7f92031743a0>","12","0","2","27392/12/2022-10-13 12:44:01.656856","Entertainment","2022-10-13 12:44:01.656856","Netflix pakt het met zijn games-ambitie een keer heel anders aan: bescheiden","27392",
"<sqlalchemy.orm.state.InstanceState object at 0x7f9203174430>","15","2","2","65268/15/2022-10-13 12:44:06.994615","Current Affairs","2022-10-13 12:44:06.994615","Het regent woonplannen. Wat betekent dit voor huurders, kopers en starters?","65268",
"<sqlalchemy.orm.state.InstanceState object at 0x7f92031744c0>","8","0","1","65268/8/2022-10-13 12:44:22.532068","Sport","2022-10-13 12:44:22.532068","Gokken is doorgedrongen tot de haarvaten van het voetbal – en dat is niet zonder gevaar ","65268",
"<sqlalchemy.orm.state.InstanceState object at 0x7f9203174550>","2","0","1","59604/2/2022-10-13 12:44:26.919973","Economy","2022-10-13 12:44:26.919973","Ook trucks kunnen elektrisch rondrijden, maar dan moet de overheid wel een handje helpen","59604",
"<sqlalchemy.orm.state.InstanceState object at 0x7f92031745e0>","7","0","4","59604/7/2022-10-13 12:44:53.412218","Sport","2022-10-13 12:44:53.412218","Zware verdenkingen, maar de voetbalschool was welkom","59604",
"<sqlalchemy.orm.state.InstanceState object at 0x7f9203174670>","5","0","1","15661/5/2022-10-13 12:45:18.832297","Sport","2022-10-13 12:45:18.832297","Winnen ten koste van alles is prima, mits het niet ten koste van een medespeler gaat ","15661",
"<sqlalchemy.orm.state.InstanceState object at 0x7f9203174700>","9","0","1","52107/9/2022-10-13 12:45:22.188243","Entertainment","2022-10-13 12:45:22.188243","Na K-Pop is K-lit nu de nieuwste hit uit het land van de Gangnam Style","52107",
"<sqlalchemy.orm.state.InstanceState object at 0x7f9203174790>","12","0","2","59604/12/2022-10-13 12:45:24.809170","Entertainment","2022-10-13 12:45:24.809170","Netflix pakt het met zijn games-ambitie een keer heel anders aan: bescheiden","59604",
"<sqlalchemy.orm.state.InstanceState object at 0x7f9203174820>","10","0","1","45773/10/2022-10-13 12:45:27.882551","Entertainment","2022-10-13 12:45:27.882551","De moshpit is het probleem niet","45773",
"<sqlalchemy.orm.state.InstanceState object at 0x7f92031748b0>","16","4","4","61940/16/2022-10-13 12:45:33.101815","Current Affairs","2022-10-13 12:45:33.101815","De Wet Open Overheid is eindelijk aangenomen, komt de nieuwe bestuurscultuur ook een stapje dichterbij?","61940",
"<sqlalchemy.orm.state.InstanceState object at 0x7f9203174940>","13","1","1","91320/13/2022-10-13 12:45:49.806545","Current Affairs","2022-10-13 12:45:49.806545","Worden lokale partijen bewust buitengesloten bij coalitievorming? Soms wel, zo blijkt uit onderzoek ","91320",
"<sqlalchemy.orm.state.InstanceState object at 0x7f92031749d0>","10","0","2","15661/10/2022-10-13 12:46:04.008815","Entertainment","2022-10-13 12:46:04.008815","De moshpit is het probleem niet","15661",
"<sqlalchemy.orm.state.InstanceState object at 0x7f9203174a60>","10","0","3","52107/10/2022-10-13 12:46:08.538316","Entertainment","2022-10-13 12:46:08.538316","De moshpit is het probleem niet","52107",
"<sqlalchemy.orm.state.InstanceState object at 0x7f9203174af0>","11","0","3","15661/11/2022-10-13 12:46:20.852884","Entertainment","2022-10-13 12:46:20.852884","Dutch Game Awards vieren de commerciële successen van nog altijd kleine gamesindustrie","15661",
"<sqlalchemy.orm.state.InstanceState object at 0x7f9203174b80>","9","0","3","47332/9/2022-10-13 12:46:53.825732","Entertainment","2022-10-13 12:46:53.825732","Na K-Pop is K-lit nu de nieuwste hit uit het land van de Gangnam Style","47332",
"<sqlalchemy.orm.state.InstanceState object at 0x7f9203174c10>","8","0","4","15661/8/2022-10-13 12:46:54.354286","Sport","2022-10-13 12:46:54.354286","Gokken is doorgedrongen tot de haarvaten van het voetbal – en dat is niet zonder gevaar ","15661",
"<sqlalchemy.orm.state.InstanceState object at 0x7f9203174ca0>","14","1","1","47332/14/2022-10-13 12:47:25.261531","Current Affairs","2022-10-13 12:47:25.261531","Ministerie was te rooskleurig over Omgevingswet","47332",
"<sqlalchemy.orm.state.InstanceState object at 0x7f9203174d30>","10","0","3","91320/10/2022-10-13 12:47:26.014976","Entertainment","2022-10-13 12:47:26.014976","De moshpit is het probleem niet","91320",
"<sqlalchemy.orm.state.InstanceState object at 0x7f9203174dc0>","12","0","2","27392/12/2022-10-13 12:47:27.199972","Entertainment","2022-10-13 12:47:27.199972","Netflix pakt het met zijn games-ambitie een keer heel anders aan: bescheiden","27392",
"<sqlalchemy.orm.state.InstanceState object at 0x7f9203174e50>","11","0","4","47332/11/2022-10-13 12:47:34.895549","Entertainment","2022-10-13 12:47:34.895549","Dutch Game Awards vieren de commerciële successen van nog altijd kleine gamesindustrie","47332",
"<sqlalchemy.orm.state.InstanceState object at 0x7f9203174ee0>","15","4","4","52107/15/2022-10-13 12:47:36.411017","Current Affairs","2022-10-13 12:47:36.411017","Het regent woonplannen. Wat betekent dit voor huurders, kopers en starters?","52107",
"<sqlalchemy.orm.state.InstanceState object at 0x7f9203174f70>","16","2","2","47332/16/2022-10-13 12:47:40.964978","Current Affairs","2022-10-13 12:47:40.964978","De Wet Open Overheid is eindelijk aangenomen, komt de nieuwe bestuurscultuur ook een stapje dichterbij?","47332",
"<sqlalchemy.orm.state.InstanceState object at 0x7f920317b040>","1","0","4","19982/1/2022-10-13 12:48:22.826760","Economy","2022-10-13 12:48:22.826760","Student Hotel gaat uitbreiden, studentenvakbond kritisch","19982",
"<sqlalchemy.orm.state.InstanceState object at 0x7f920317b0d0>","15","4","4","45773/15/2022-10-13 12:48:38.349866","Current Affairs","2022-10-13 12:48:38.349866","Het regent woonplannen. Wat betekent dit voor huurders, kopers en starters?","45773",
"<sqlalchemy.orm.state.InstanceState object at 0x7f920317b160>","1","0","2","13966/1/2022-10-13 12:48:42.284723","Economy","2022-10-13 12:48:42.284723","Student Hotel gaat uitbreiden, studentenvakbond kritisch","13966",
"<sqlalchemy.orm.state.InstanceState object at 0x7f920317b1f0>","14","3","3","25552/14/2022-10-13 12:48:43.524885","Current Affairs","2022-10-13 12:48:43.524885","Ministerie was te rooskleurig over Omgevingswet","25552",
"<sqlalchemy.orm.state.InstanceState object at 0x7f920317b280>","13","2","2","14893/13/2022-10-13 12:48:44.557594","Current Affairs","2022-10-13 12:48:44.557594","Worden lokale partijen bewust buitengesloten bij coalitievorming? Soms wel, zo blijkt uit onderzoek ","14893",
"<sqlalchemy.orm.state.InstanceState object at 0x7f920317b310>","2","0","4","14893/2/2022-10-13 12:49:29.700925","Economy","2022-10-13 12:49:29.700925","Ook trucks kunnen elektrisch rondrijden, maar dan moet de overheid wel een handje helpen","14893",
"<sqlalchemy.orm.state.InstanceState object at 0x7f920317b3a0>","12","0","2","52107/12/2022-10-13 12:49:46.688994","Entertainment","2022-10-13 12:49:46.688994","Netflix pakt het met zijn games-ambitie een keer heel anders aan: bescheiden","52107",
"<sqlalchemy.orm.state.InstanceState object at 0x7f920317b430>","6","0","4","13966/6/2022-10-13 12:50:00.835861","Sport","2022-10-13 12:50:00.835861","App in profvoetbal om matchfixing te melden","13966",
"<sqlalchemy.orm.state.InstanceState object at 0x7f920317b4c0>","15","3","3","14893/15/2022-10-13 12:50:03.486231","Current Affairs","2022-10-13 12:50:03.486231","Het regent woonplannen. Wat betekent dit voor huurders, kopers en starters?","14893",
"<sqlalchemy.orm.state.InstanceState object at 0x7f920317b550>","9","0","4","63392/9/2022-10-13 12:50:16.018184","Entertainment","2022-10-13 12:50:16.018184","Na K-Pop is K-lit nu de nieuwste hit uit het land van de Gangnam Style","63392",
"<sqlalchemy.orm.state.InstanceState object at 0x7f920317b5e0>","3","0","3","13966/3/2022-10-13 12:50:17.980181","Economy","2022-10-13 12:50:17.980181","Het vaste contract mag best wat losser, vindt de Nederlandsche Bank","13966",
"<sqlalchemy.orm.state.InstanceState object at 0x7f920317b670>","11","0","2","91320/11/2022-10-13 12:50:32.432759","Entertainment","2022-10-13 12:50:32.432759","Dutch Game Awards vieren de commerciële successen van nog altijd kleine gamesindustrie","91320",
"<sqlalchemy.orm.state.InstanceState object at 0x7f920317b700>","16","1","1","14893/16/2022-10-13 12:50:37.938076","Current Affairs","2022-10-13 12:50:37.938076","De Wet Open Overheid is eindelijk aangenomen, komt de nieuwe bestuurscultuur ook een stapje dichterbij?","14893",
"<sqlalchemy.orm.state.InstanceState object at 0x7f920317b790>","5","0","1","21483/5/2022-10-13 12:50:43.517873","Sport","2022-10-13 12:50:43.517873","Winnen ten koste van alles is prima, mits het niet ten koste van een medespeler gaat ","21483",
"<sqlalchemy.orm.state.InstanceState object at 0x7f920317b820>","14","2","2","19982/14/2022-10-13 12:50:47.371258","Current Affairs","2022-10-13 12:50:47.371258","Ministerie was te rooskleurig over Omgevingswet","19982",
"<sqlalchemy.orm.state.InstanceState object at 0x7f920317b8b0>","9","0","4","69393/9/2022-10-13 12:51:53.769512","Entertainment","2022-10-13 12:51:53.769512","Na K-Pop is K-lit nu de nieuwste hit uit het land van de Gangnam Style","69393",
"<sqlalchemy.orm.state.InstanceState object at 0x7f920317b940>","14","1","1","63392/14/2022-10-13 12:52:12.469139","Current Affairs","2022-10-13 12:52:12.469139","Ministerie was te rooskleurig over Omgevingswet","63392",
"<sqlalchemy.orm.state.InstanceState object at 0x7f920317b9d0>","1","0","2","60727/1/2022-10-13 12:52:14.668247","Economy","2022-10-13 12:52:14.668247","Student Hotel gaat uitbreiden, studentenvakbond kritisch","60727",
"<sqlalchemy.orm.state.InstanceState object at 0x7f920317ba60>","12","0","2","45773/12/2022-10-13 12:52:28.310675","Entertainment","2022-10-13 12:52:28.310675","Netflix pakt het met zijn games-ambitie een keer heel anders aan: bescheiden","45773",
"<sqlalchemy.orm.state.InstanceState object at 0x7f920317baf0>","14","4","4","21483/14/2022-10-13 12:52:49.591003","Current Affairs","2022-10-13 12:52:49.591003","Ministerie was te rooskleurig over Omgevingswet","21483",
"<sqlalchemy.orm.state.InstanceState object at 0x7f920317bb80>","15","2","2","63392/15/2022-10-13 12:52:52.920414","Current Affairs","2022-10-13 12:52:52.920414","Het regent woonplannen. Wat betekent dit voor huurders, kopers en starters?","63392",
"<sqlalchemy.orm.state.InstanceState object at 0x7f920317bc10>","6","0","3","60727/6/2022-10-13 12:52:58.630661","Sport","2022-10-13 12:52:58.630661","App in profvoetbal om matchfixing te melden","60727",
"<sqlalchemy.orm.state.InstanceState object at 0x7f920317bca0>","7","0","2","25552/7/2022-10-13 12:53:11.272842","Sport","2022-10-13 12:53:11.272842","Zware verdenkingen, maar de voetbalschool was welkom","25552",
"<sqlalchemy.orm.state.InstanceState object at 0x7f920317bd30>","11","0","4","60727/11/2022-10-13 12:53:30.926592","Entertainment","2022-10-13 12:53:30.926592","Dutch Game Awards vieren de commerciële successen van nog altijd kleine gamesindustrie","60727",
"<sqlalchemy.orm.state.InstanceState object at 0x7f920317bdc0>","12","0","4","91320/12/2022-10-13 12:53:40.275236","Entertainment","2022-10-13 12:53:40.275236","Netflix pakt het met zijn games-ambitie een keer heel anders aan: bescheiden","91320",
"<sqlalchemy.orm.state.InstanceState object at 0x7f920317be50>","12","0","1","60727/12/2022-10-13 12:54:14.182770","Entertainment","2022-10-13 12:54:14.182770","Netflix pakt het met zijn games-ambitie een keer heel anders aan: bescheiden","60727",
"<sqlalchemy.orm.state.InstanceState object at 0x7f920317bee0>","4","0","3","63392/4/2022-10-13 12:54:25.423586","Economy","2022-10-13 12:54:25.423586","Tekort aan accountants loopt komende jaren uit de hand, voorspelt ING-studie ","63392",
"<sqlalchemy.orm.state.InstanceState object at 0x7f920317bf70>","7","0","3","19982/7/2022-10-13 12:55:17.427859","Sport","2022-10-13 12:55:17.427859","Zware verdenkingen, maar de voetbalschool was welkom","19982",
"<sqlalchemy.orm.state.InstanceState object at 0x7f9203184040>","15","3","3","21483/15/2022-10-13 12:55:18.918973","Current Affairs","2022-10-13 12:55:18.918973","Het regent woonplannen. Wat betekent dit voor huurders, kopers en starters?","21483",
"<sqlalchemy.orm.state.InstanceState object at 0x7f92031840d0>","1","0","2","86461/1/2022-10-13 12:55:27.038007","Economy","2022-10-13 12:55:27.038007","Student Hotel gaat uitbreiden, studentenvakbond kritisch","86461",
"<sqlalchemy.orm.state.InstanceState object at 0x7f9203184160>","10","0","3","86461/10/2022-10-13 12:56:20.082800","Entertainment","2022-10-13 12:56:20.082800","De moshpit is het probleem niet","86461",
"<sqlalchemy.orm.state.InstanceState object at 0x7f92031841f0>","8","0","1","19982/8/2022-10-13 12:56:34.953889","Sport","2022-10-13 12:56:34.953889","Gokken is doorgedrongen tot de haarvaten van het voetbal – en dat is niet zonder gevaar ","19982",
"<sqlalchemy.orm.state.InstanceState object at 0x7f9203184280>","15","3","3","63392/15/2022-10-13 12:56:59.502940","Current Affairs","2022-10-13 12:56:59.502940","Het regent woonplannen. Wat betekent dit voor huurders, kopers en starters?","63392",
"<sqlalchemy.orm.state.InstanceState object at 0x7f9203184310>","10","0","1","69393/10/2022-10-13 12:57:06.499974","Entertainment","2022-10-13 12:57:06.499974","De moshpit is het probleem niet","69393",
"<sqlalchemy.orm.state.InstanceState object at 0x7f92031843a0>","15","1","1","86461/15/2022-10-13 12:57:54.859850","Current Affairs","2022-10-13 12:57:54.859850","Het regent woonplannen. Wat betekent dit voor huurders, kopers en starters?","86461",
"<sqlalchemy.orm.state.InstanceState object at 0x7f9203184430>","12","0","2","21483/12/2022-10-13 12:58:18.221353","Entertainment","2022-10-13 12:58:18.221353","Netflix pakt het met zijn games-ambitie een keer heel anders aan: bescheiden","21483",
"<sqlalchemy.orm.state.InstanceState object at 0x7f92031844c0>","12","0","4","86461/12/2022-10-13 12:59:58.332524","Entertainment","2022-10-13 12:59:58.332524","Netflix pakt het met zijn games-ambitie een keer heel anders aan: bescheiden","86461",
"<sqlalchemy.orm.state.InstanceState object at 0x7f9203184550>","3","0","3","69393/3/2022-10-13 13:00:39.817529","Economy","2022-10-13 13:00:39.817529","Het vaste contract mag best wat losser, vindt de Nederlandsche Bank","69393",
"<sqlalchemy.orm.state.InstanceState object at 0x7f92031845e0>","12","0","2","69393/12/2022-10-13 13:02:10.719532","Entertainment","2022-10-13 13:02:10.719532","Netflix pakt het met zijn games-ambitie een keer heel anders aan: bescheiden","69393",
"<sqlalchemy.orm.state.InstanceState object at 0x7f9203184670>","12","0","1","25552/12/2022-10-13 13:02:11.168232","Entertainment","2022-10-13 13:02:11.168232","Netflix pakt het met zijn games-ambitie een keer heel anders aan: bescheiden","25552",
"<sqlalchemy.orm.state.InstanceState object at 0x7f9203184700>","9","0","3","29330/9/2022-10-13 13:02:57.284754","Entertainment","2022-10-13 13:02:57.284754","Na K-Pop is K-lit nu de nieuwste hit uit het land van de Gangnam Style","29330",
"<sqlalchemy.orm.state.InstanceState object at 0x7f9203184790>","14","2","2","29330/14/2022-10-13 13:03:27.890366","Current Affairs","2022-10-13 13:03:27.890366","Ministerie was te rooskleurig over Omgevingswet","29330",
"<sqlalchemy.orm.state.InstanceState object at 0x7f9203184820>","1","0","4","90202/1/2022-10-13 13:03:28.298487","Economy","2022-10-13 13:03:28.298487","Student Hotel gaat uitbreiden, studentenvakbond kritisch","90202",
"<sqlalchemy.orm.state.InstanceState object at 0x7f92031848b0>","11","0","1","29330/11/2022-10-13 13:03:38.483054","Entertainment","2022-10-13 13:03:38.483054","Dutch Game Awards vieren de commerciële successen van nog altijd kleine gamesindustrie","29330",
"<sqlalchemy.orm.state.InstanceState object at 0x7f9203184940>","4","0","4","29330/4/2022-10-13 13:03:47.378094","Economy","2022-10-13 13:03:47.378094","Tekort aan accountants loopt komende jaren uit de hand, voorspelt ING-studie ","29330",
"<sqlalchemy.orm.state.InstanceState object at 0x7f92031849d0>","13","2","2","69449/13/2022-10-13 13:04:16.536975","Current Affairs","2022-10-13 13:04:16.536975","Worden lokale partijen bewust buitengesloten bij coalitievorming? Soms wel, zo blijkt uit onderzoek ","69449",
"<sqlalchemy.orm.state.InstanceState object at 0x7f9203184a60>","14","2","2","90202/14/2022-10-13 13:04:38.256438","Current Affairs","2022-10-13 13:04:38.256438","Ministerie was te rooskleurig over Omgevingswet","90202",
"<sqlalchemy.orm.state.InstanceState object at 0x7f9203184af0>","3","0","1","90202/3/2022-10-13 13:05:45.090901","Economy","2022-10-13 13:05:45.090901","Het vaste contract mag best wat losser, vindt de Nederlandsche Bank","90202",
"<sqlalchemy.orm.state.InstanceState object at 0x7f9203184b80>","13","4","4","55167/13/2022-10-13 13:06:06.108024","Current Affairs","2022-10-13 13:06:06.108024","Worden lokale partijen bewust buitengesloten bij coalitievorming? Soms wel, zo blijkt uit onderzoek ","55167",
"<sqlalchemy.orm.state.InstanceState object at 0x7f9203184c10>","14","2","2","55167/14/2022-10-13 13:06:18.586067","Current Affairs","2022-10-13 13:06:18.586067","Ministerie was te rooskleurig over Omgevingswet","55167",
"<sqlalchemy.orm.state.InstanceState object at 0x7f9203184ca0>","11","0","1","55167/11/2022-10-13 13:06:39.624215","Entertainment","2022-10-13 13:06:39.624215","Dutch Game Awards vieren de commerciële successen van nog altijd kleine gamesindustrie","55167",
"<sqlalchemy.orm.state.InstanceState object at 0x7f9203184d30>","8","0","3","90202/8/2022-10-13 13:06:50.000251","Sport","2022-10-13 13:06:50.000251","Gokken is doorgedrongen tot de haarvaten van het voetbal – en dat is niet zonder gevaar ","90202",
"<sqlalchemy.orm.state.InstanceState object at 0x7f9203184dc0>","4","0","3","55167/4/2022-10-13 13:06:54.156875","Economy","2022-10-13 13:06:54.156875","Tekort aan accountants loopt komende jaren uit de hand, voorspelt ING-studie ","55167",
"<sqlalchemy.orm.state.InstanceState object at 0x7f9203184e50>","1","0","4","48350/1/2022-10-13 13:06:57.150538","Economy","2022-10-13 13:06:57.150538","Student Hotel gaat uitbreiden, studentenvakbond kritisch","48350",
"<sqlalchemy.orm.state.InstanceState object at 0x7f9203184ee0>","5","0","3","41855/5/2022-10-13 13:07:45.993889","Sport","2022-10-13 13:07:45.993889","Winnen ten koste van alles is prima, mits het niet ten koste van een medespeler gaat ","41855",
"<sqlalchemy.orm.state.InstanceState object at 0x7f9203184f70>","14","2","2","48350/14/2022-10-13 13:07:57.964571","Current Affairs","2022-10-13 13:07:57.964571","Ministerie was te rooskleurig over Omgevingswet","48350",
"<sqlalchemy.orm.state.InstanceState object at 0x7f920310b040>","3","0","1","48350/3/2022-10-13 13:10:23.521605","Economy","2022-10-13 13:10:23.521605","Het vaste contract mag best wat losser, vindt de Nederlandsche Bank","48350",
"<sqlalchemy.orm.state.InstanceState object at 0x7f920310b0d0>","16","3","3","48350/16/2022-10-13 13:10:48.590927","Current Affairs","2022-10-13 13:10:48.590927","De Wet Open Overheid is eindelijk aangenomen, komt de nieuwe bestuurscultuur ook een stapje dichterbij?","48350",
"<sqlalchemy.orm.state.InstanceState object at 0x7f920310b160>","2","0","2","41855/2/2022-10-13 13:10:57.147430","Economy","2022-10-13 13:10:57.147430","Ook trucks kunnen elektrisch rondrijden, maar dan moet de overheid wel een handje helpen","41855",
"<sqlalchemy.orm.state.InstanceState object at 0x7f920310b1f0>","13","4","4","60240/13/2022-10-13 13:12:36.714142","Current Affairs","2022-10-13 13:12:36.714142","Worden lokale partijen bewust buitengesloten bij coalitievorming? Soms wel, zo blijkt uit onderzoek ","60240",
"<sqlalchemy.orm.state.InstanceState object at 0x7f920310b280>","2","0","3","60240/2/2022-10-13 13:14:04.440696","Economy","2022-10-13 13:14:04.440696","Ook trucks kunnen elektrisch rondrijden, maar dan moet de overheid wel een handje helpen","60240",
"<sqlalchemy.orm.state.InstanceState object at 0x7f920310b310>","3","0","1","60240/3/2022-10-13 13:14:25.463150","Economy","2022-10-13 13:14:25.463150","Het vaste contract mag best wat losser, vindt de Nederlandsche Bank","60240",
"<sqlalchemy.orm.state.InstanceState object at 0x7f920310b3a0>","4","0","2","60240/4/2022-10-13 13:14:41.690118","Economy","2022-10-13 13:14:41.690118","Tekort aan accountants loopt komende jaren uit de hand, voorspelt ING-studie ","60240",
"<sqlalchemy.orm.state.InstanceState object at 0x7f920310b430>","1","0","2","15224/1/2022-10-13 13:14:51.979267","Economy","2022-10-13 13:14:51.979267","Student Hotel gaat uitbreiden, studentenvakbond kritisch","15224",
"<sqlalchemy.orm.state.InstanceState object at 0x7f920310b4c0>","14","4","4","15224/14/2022-10-13 13:15:25.160089","Current Affairs","2022-10-13 13:15:25.160089","Ministerie was te rooskleurig over Omgevingswet","15224",
"<sqlalchemy.orm.state.InstanceState object at 0x7f920310b550>","3","0","1","41855/3/2022-10-13 13:15:46.930006","Economy","2022-10-13 13:15:46.930006","Het vaste contract mag best wat losser, vindt de Nederlandsche Bank","41855",
"<sqlalchemy.orm.state.InstanceState object at 0x7f920310b5e0>","1","0","3","90323/1/2022-10-13 13:16:13.900501","Economy","2022-10-13 13:16:13.900501","Student Hotel gaat uitbreiden, studentenvakbond kritisch","90323",
"<sqlalchemy.orm.state.InstanceState object at 0x7f920310b670>","6","0","1","90323/6/2022-10-13 13:16:36.791326","Sport","2022-10-13 13:16:36.791326","App in profvoetbal om matchfixing te melden","90323",
"<sqlalchemy.orm.state.InstanceState object at 0x7f920310b700>","15","3","3","15224/15/2022-10-13 13:17:28.753295","Current Affairs","2022-10-13 13:17:28.753295","Het regent woonplannen. Wat betekent dit voor huurders, kopers en starters?","15224",
"<sqlalchemy.orm.state.InstanceState object at 0x7f920310b790>","4","0","4","41855/4/2022-10-13 13:17:39.748114","Economy","2022-10-13 13:17:39.748114","Tekort aan accountants loopt komende jaren uit de hand, voorspelt ING-studie ","41855",
"<sqlalchemy.orm.state.InstanceState object at 0x7f920310b820>","11","0","4","90323/11/2022-10-13 13:17:48.066851","Entertainment","2022-10-13 13:17:48.066851","Dutch Game Awards vieren de commerciële successen van nog altijd kleine gamesindustrie","90323",
"<sqlalchemy.orm.state.InstanceState object at 0x7f920310b8b0>","12","0","1","15224/12/2022-10-13 13:18:06.150994","Entertainment","2022-10-13 13:18:06.150994","Netflix pakt het met zijn games-ambitie een keer heel anders aan: bescheiden","15224",
"<sqlalchemy.orm.state.InstanceState object at 0x7f920310b940>","12","0","2","90323/12/2022-10-13 13:18:30.699408","Entertainment","2022-10-13 13:18:30.699408","Netflix pakt het met zijn games-ambitie een keer heel anders aan: bescheiden","90323",
"<sqlalchemy.orm.state.InstanceState object at 0x7f920310b9d0>","13","3","3","31863/13/2022-10-13 13:19:38.262457","Current Affairs","2022-10-13 13:19:38.262457","Worden lokale partijen bewust buitengesloten bij coalitievorming? Soms wel, zo blijkt uit onderzoek ","31863",
"<sqlalchemy.orm.state.InstanceState object at 0x7f920310ba60>","14","1","1","31863/14/2022-10-13 13:20:19.523012","Current Affairs","2022-10-13 13:20:19.523012","Ministerie was te rooskleurig over Omgevingswet","31863",
"<sqlalchemy.orm.state.InstanceState object at 0x7f920310baf0>","1","0","4","50839/1/2022-10-13 13:20:28.877141","Economy","2022-10-13 13:20:28.877141","Student Hotel gaat uitbreiden, studentenvakbond kritisch","50839",
"<sqlalchemy.orm.state.InstanceState object at 0x7f920310bb80>","3","0","4","31863/3/2022-10-13 13:21:50.121103","Economy","2022-10-13 13:21:50.121103","Het vaste contract mag best wat losser, vindt de Nederlandsche Bank","31863",
"<sqlalchemy.orm.state.InstanceState object at 0x7f920310bc10>","12","0","2","31863/12/2022-10-13 13:22:39.680999","Entertainment","2022-10-13 13:22:39.680999","Netflix pakt het met zijn games-ambitie een keer heel anders aan: bescheiden","31863",
"<sqlalchemy.orm.state.InstanceState object at 0x7f920310bca0>","1","0","4","80268/1/2022-10-13 13:24:10.950458","Economy","2022-10-13 13:24:10.950458","Student Hotel gaat uitbreiden, studentenvakbond kritisch","80268",
"<sqlalchemy.orm.state.InstanceState object at 0x7f920310bd30>","9","0","4","11044/9/2022-10-13 13:27:27.991724","Entertainment","2022-10-13 13:27:27.991724","Na K-Pop is K-lit nu de nieuwste hit uit het land van de Gangnam Style","11044",
"<sqlalchemy.orm.state.InstanceState object at 0x7f920310bdc0>","14","2","2","11044/14/2022-10-13 13:28:13.191980","Current Affairs","2022-10-13 13:28:13.191980","Ministerie was te rooskleurig over Omgevingswet","11044",
"<sqlalchemy.orm.state.InstanceState object at 0x7f920310be50>","13","1","1","95938/13/2022-10-13 13:28:48.511914","Current Affairs","2022-10-13 13:28:48.511914","Worden lokale partijen bewust buitengesloten bij coalitievorming? Soms wel, zo blijkt uit onderzoek ","95938",
"<sqlalchemy.orm.state.InstanceState object at 0x7f920310bee0>","15","3","3","11044/15/2022-10-13 13:28:50.523514","Current Affairs","2022-10-13 13:28:50.523514","Het regent woonplannen. Wat betekent dit voor huurders, kopers en starters?","11044",
"<sqlalchemy.orm.state.InstanceState object at 0x7f920310bf70>","8","0","1","11044/8/2022-10-13 13:29:26.378255","Sport","2022-10-13 13:29:26.378255","Gokken is doorgedrongen tot de haarvaten van het voetbal – en dat is niet zonder gevaar ","11044",
"<sqlalchemy.orm.state.InstanceState object at 0x7f9203114040>","10","0","2","95938/10/2022-10-13 13:29:36.118758","Entertainment","2022-10-13 13:29:36.118758","De moshpit is het probleem niet","95938",
"<sqlalchemy.orm.state.InstanceState object at 0x7f92031140d0>","5","0","4","63227/5/2022-10-13 13:30:00.425875","Sport","2022-10-13 13:30:00.425875","Winnen ten koste van alles is prima, mits het niet ten koste van een medespeler gaat ","63227",
"<sqlalchemy.orm.state.InstanceState object at 0x7f9203114160>","11","0","4","95938/11/2022-10-13 13:30:25.229010","Entertainment","2022-10-13 13:30:25.229010","Dutch Game Awards vieren de commerciële successen van nog altijd kleine gamesindustrie","95938",
"<sqlalchemy.orm.state.InstanceState object at 0x7f92031141f0>","13","1","1","33933/13/2022-10-13 13:30:53.885471","Current Affairs","2022-10-13 13:30:53.885471","Worden lokale partijen bewust buitengesloten bij coalitievorming? Soms wel, zo blijkt uit onderzoek ","33933",
"<sqlalchemy.orm.state.InstanceState object at 0x7f9203114280>","12","0","3","95938/12/2022-10-13 13:30:58.191675","Entertainment","2022-10-13 13:30:58.191675","Netflix pakt het met zijn games-ambitie een keer heel anders aan: bescheiden","95938",
"<sqlalchemy.orm.state.InstanceState object at 0x7f9203114310>","1","0","3","52512/1/2022-10-13 13:33:45.587077","Economy","2022-10-13 13:33:45.587077","Student Hotel gaat uitbreiden, studentenvakbond kritisch","52512",
"<sqlalchemy.orm.state.InstanceState object at 0x7f92031143a0>","1","0","1","22253/1/2022-10-13 13:34:24.418541","Economy","2022-10-13 13:34:24.418541","Student Hotel gaat uitbreiden, studentenvakbond kritisch","22253",
"<sqlalchemy.orm.state.InstanceState object at 0x7f9203114430>","1","0","2","21718/1/2022-10-13 13:34:26.026607","Economy","2022-10-13 13:34:26.026607","Student Hotel gaat uitbreiden, studentenvakbond kritisch","21718",
"<sqlalchemy.orm.state.InstanceState object at 0x7f92031144c0>","10","0","2","52512/10/2022-10-13 13:35:10.254249","Entertainment","2022-10-13 13:35:10.254249","De moshpit is het probleem niet","52512",
"<sqlalchemy.orm.state.InstanceState object at 0x7f9203114550>","14","4","4","22253/14/2022-10-13 13:36:56.842710","Current Affairs","2022-10-13 13:36:56.842710","Ministerie was te rooskleurig over Omgevingswet","22253",
"<sqlalchemy.orm.state.InstanceState object at 0x7f92031145e0>","15","1","1","52512/15/2022-10-13 13:37:03.454323","Current Affairs","2022-10-13 13:37:03.454323","Het regent woonplannen. Wat betekent dit voor huurders, kopers en starters?","52512",
"<sqlalchemy.orm.state.InstanceState object at 0x7f9203114670>","3","0","2","22253/3/2022-10-13 13:38:36.130779","Economy","2022-10-13 13:38:36.130779","Het vaste contract mag best wat losser, vindt de Nederlandsche Bank","22253",
"<sqlalchemy.orm.state.InstanceState object at 0x7f9203114700>","1","0","1","18371/1/2022-10-13 13:38:39.198025","Economy","2022-10-13 13:38:39.198025","Student Hotel gaat uitbreiden, studentenvakbond kritisch","18371",
"<sqlalchemy.orm.state.InstanceState object at 0x7f9203114790>","2","0","3","33933/2/2022-10-13 13:38:58.973821","Economy","2022-10-13 13:38:58.973821","Ook trucks kunnen elektrisch rondrijden, maar dan moet de overheid wel een handje helpen","33933",
"<sqlalchemy.orm.state.InstanceState object at 0x7f9203114820>","12","0","4","52512/12/2022-10-13 13:39:22.416776","Entertainment","2022-10-13 13:39:22.416776","Netflix pakt het met zijn games-ambitie een keer heel anders aan: bescheiden","52512",
"<sqlalchemy.orm.state.InstanceState object at 0x7f92031148b0>","13","1","1","87529/13/2022-10-13 13:39:41.750492","Current Affairs","2022-10-13 13:39:41.750492","Worden lokale partijen bewust buitengesloten bij coalitievorming? Soms wel, zo blijkt uit onderzoek ","87529",

